,val_loss,val_dense_7_loss,val_dense_8_loss,val_dense_9_loss,val_dense_7_acc,val_dense_8_acc,val_dense_9_acc,loss,dense_7_loss,dense_8_loss,dense_9_loss,dense_7_acc,dense_8_acc,dense_9_acc
0,1.8432107065942922,0.6994912632493056,0.5849315256438381,0.5587879299777003,0.5668041903001851,0.758489372105267,0.7156458345529428,2.380501544455698,0.8611922866055445,0.8288916108571747,0.6904176413194982,0.5293884337328991,0.5761878313269917,0.6048227160344033
1,1.7110507863924564,0.6700885897589199,0.5287359957466501,0.5122262004234419,0.5966359818409224,0.7889558892331778,0.7378609911368711,1.9519903995123278,0.7430034914165747,0.6368989258628724,0.5720879926011669,0.5515189969994466,0.7123820117484987,0.7151582436509767
2,1.6404781691122343,0.6484101674209433,0.5040280336200226,0.48803995672160577,0.6375753775319384,0.7908600440141853,0.7489685763710455,1.8314650107349157,0.7164228012704202,0.5789353834974725,0.5361068415690955,0.5722217854480868,0.7526770834882319,0.7315776963450297
3,1.591535739087559,0.6352196911977079,0.4839330513074034,0.4723829852327851,0.6626467834537425,0.7937162774057851,0.7651539140563282,1.7556531743790729,0.6865374646425493,0.5466073331753836,0.522508382284264,0.5961767282835448,0.7728246230340414,0.7374474534226644
4,1.5492477028077083,0.6249940481990982,0.46378600701420164,0.460467651878906,0.6639162141797809,0.799746107237939,0.7715011107206572,1.7007933633129102,0.6691916686712991,0.5225225922192761,0.5090790938790183,0.6108511185545825,0.7733798658780673,0.7441104137662042
5,1.5166835927161213,0.6138971811701328,0.4507147233586809,0.4520716583849853,0.6734370052417246,0.8045065105434298,0.7784830187661653,1.6638556685825547,0.6575193973066805,0.5076054950532314,0.4987307681934853,0.6235424747826929,0.7834536400833789,0.7482351090827298
6,1.4883661408229163,0.6039893349478336,0.4373552431495785,0.44702154805606525,0.6794668334281774,0.8130752107182294,0.7826086984139251,1.608689282295431,0.6380003736154731,0.4813313257252658,0.48935758393336753,0.6441659431553213,0.7961449982901158,0.7509320228854585
7,1.4597100830199188,0.5897819966371004,0.42939369372434744,0.44053440350685674,0.6931132982171403,0.8181529685793435,0.7848302208405001,1.5772317815207089,0.6249667403079936,0.4733468064084026,0.4789182419127114,0.6538431011893856,0.7980487027279474,0.7584675166507996
8,1.4375689093251713,0.5786045044234955,0.4221005366363816,0.4368638583059653,0.7051729642183431,0.8219612797681433,0.7886385266192941,1.5652697274031888,0.6196107139214465,0.4648883710408122,0.48077065236952166,0.6639168695084608,0.8036011739557075,0.7594986907872445
9,1.4117782992886876,0.5688372661067886,0.4123582054001685,0.43058284291461396,0.7124722293731486,0.8254522342448838,0.7860996503369916,1.538749043092556,0.6107014345311433,0.4559333780320203,0.47211422909447437,0.6650273644395585,0.8097088936300558,0.7675894336610799
10,1.3901793433158824,0.5600112959227083,0.40521731148898055,0.42495073686891494,0.7194541475387726,0.8295779088987921,0.7905426868103074,1.5249385730199208,0.6071930291244756,0.4488678022165969,0.4688777407084467,0.6691520615597781,0.8077258665064112,0.76996906560901
11,1.3716345224559061,0.5538214686483627,0.39754373815013505,0.4202693156574083,0.7204062181856851,0.8330688692016929,0.7946683576809948,1.5095866674698721,0.5994191696426914,0.44576980962792634,0.464397681986793,0.6735147123504349,0.8113746331545025,0.7670341834651684
12,1.3481716871715583,0.54151451442023,0.3909454101685379,0.41571179902466543,0.728022848943119,0.8346556730968012,0.7991113882146537,1.4869838551619414,0.5898586075935884,0.43582266129324604,0.461302598136228,0.6807329220695953,0.8155786439467925,0.7738557942628275
13,1.3278535765642139,0.5318289410496696,0.3842854731160851,0.4117391642900695,0.7286575712578064,0.8356077471107802,0.8035544204885943,1.4535995880107133,0.5765577124983859,0.426330893101828,0.4507109866325148,0.688982315539387,0.817720311926918,0.779725547487223
14,1.3107371281836004,0.5253286505267568,0.378025966177135,0.40738251950959486,0.7340526837880404,0.8394160582995801,0.809584262086565,1.4581685086742233,0.5801017593858054,0.4247364297850784,0.45333032139449986,0.6877924959769453,0.8176409930234255,0.7785357343145392
15,1.2934744338011674,0.5184615108369836,0.37112289992486514,0.403890017827932,0.7394477896787219,0.8419549362086675,0.8127578597566658,1.4309426012505924,0.5683435101649796,0.4156034426800443,0.4469956474517144,0.6991354032040134,0.8228761823963872,0.7820258584277451
16,1.2724587290826506,0.5085040640165147,0.3652223471383071,0.3987323094344979,0.7467470565738091,0.8451285326492215,0.8165661701320732,1.418534347840245,0.5645133445366355,0.41255845883235476,0.4414625382918885,0.7001665742909624,0.8235900687208786,0.7835329562210493
17,1.260360841863082,0.5018458780656728,0.36320271638793367,0.39531225401119596,0.7537289729991514,0.8492542068869755,0.823548077761427,1.4085308399795777,0.5612083405547037,0.41044523319869375,0.4368772685735829,0.7024668823947439,0.8254937732296288,0.7865471555190602
18,1.2540110889899092,0.4983380941957264,0.3618978380362445,0.3937751581482719,0.7553157735271933,0.8489368430246288,0.8235480949372498,1.4088327899425122,0.5576529381574359,0.41002804576107177,0.44115180604055226,0.7080986708475916,0.8260490216762171,0.7889267845593314
19,1.2413491958741043,0.4932579537756062,0.35858249908324386,0.38950876617802394,0.7607108848278805,0.8492542014769696,0.8229133612728997,1.3876992685804097,0.552109269243101,0.4058535635528079,0.4297364362407432,0.7094471314248988,0.8262076615871177,0.7910684584256933
20,1.2252718060783112,0.4859683210605366,0.35209317288297354,0.3872103069234144,0.7680101537659069,0.8508410024022496,0.8273563977462154,1.374793527694984,0.5439657588741483,0.4022231297819395,0.4286046371642836,0.7189656542759633,0.8296184617852563,0.7963829592793431
21,1.2107085964483748,0.478872041585369,0.3482151304453526,0.3836214333744285,0.7708663921702744,0.8527451630094172,0.825769603460488,1.372603317790494,0.5439601460002061,0.4036188375101674,0.42502432955221964,0.7207900377063867,0.8273181566600523,0.7970175258256805
22,1.201026754203731,0.4731382389970523,0.3455502320115281,0.38233828130354014,0.7749920685644643,0.8517930793860571,0.8292605533406152,1.3483463957807666,0.5355877476135859,0.3902629076006714,0.42249573492612374,0.7234076334093662,0.8346156903817461,0.7944792576073333
23,1.1914167018664599,0.4686895547330058,0.3429705445556859,0.379756595474771,0.7803871777276318,0.8549666808393788,0.8317994295094211,1.3385253260834813,0.5289080976692873,0.3922428129505485,0.41737441786069124,0.7278496086895301,0.8299357504009529,0.8018561151731758
24,1.17916808170729,0.4619372092194498,0.34088563501967284,0.3763452544926613,0.7848302158277325,0.8533798794979446,0.8327515052636818,1.3342928877241447,0.5251977695881295,0.3905263171610526,0.4185688004856249,0.7301499166514746,0.8331085896807828,0.798603950299874
25,1.1590160576739563,0.455055709397441,0.3335896980115551,0.3703706389152977,0.785782289028319,0.8575055645746263,0.8343383103883368,1.314507901266677,0.5185676364731503,0.3806192519157555,0.4153210077267233,0.7359403527926196,0.838185137322602,0.8032045672402617
26,1.1485275883252415,0.448668066470141,0.32996401611641074,0.369895496744082,0.7953030803929204,0.8625833120129669,0.8356077424385024,1.3048496555164368,0.5165469747961886,0.3771112593422895,0.4111914200092313,0.7411755362793447,0.8385817370643942,0.8034425302624864
27,1.1413081389160544,0.4442129918826039,0.3298216798841972,0.3672734510516485,0.7965725116296936,0.8594097193556337,0.8381466241308108,1.300876656616482,0.510978418186294,0.3800005733995195,0.4098976678177661,0.7443483785377522,0.8370746461029065,0.8050289535074256
28,1.1273401838300796,0.4384562227791054,0.324263827757622,0.3646201403585172,0.8057759416856224,0.8616312350291594,0.8403681427741648,1.283206238653598,0.5042347569502326,0.3752142986969877,0.4037571924456316,0.7495835669651335,0.842071863139679,0.8086777186189492
29,1.1199552873625374,0.4355242396395988,0.3204131479094574,0.3640179050248678,0.80450650840591,0.8644874667939744,0.8403681435875573,1.296352038132338,0.5081528035543095,0.37662741368584923,0.41157181710985846,0.7438724528478954,0.8412786555950237,0.8065360560286307
30,1.1010546062303626,0.42664210885640214,0.31588534126959694,0.3585271542127531,0.8070453875445441,0.8660742631226409,0.8400507771715365,1.2822104586365013,0.5018938635913633,0.37540340114852067,0.40491319674990545,0.7495835622372328,0.8445308197355009,0.8039184549358444
31,1.0937341663883589,0.4238466745669862,0.3136711944780135,0.3562162888121961,0.80736274762367,0.8635353898101669,0.84005078176815,1.2616466327105789,0.4918934884991967,0.3681177304803668,0.40163541515765944,0.7572777034781156,0.842865076357815,0.8107400647879233
32,1.085516881276902,0.4202780450423231,0.3108147217314874,0.3544240979420424,0.8133925812390448,0.8679784195304333,0.8397334187191957,1.2642358731172025,0.4947662785054766,0.37024853228955357,0.39922106279496244,0.7590227679341283,0.8418339012757899,0.8103434611219734
33,1.084970490738007,0.4182460721486412,0.3101751065583352,0.35654931203103074,0.8140272918068314,0.8686131372485074,0.8400507755258355,1.26052877114749,0.4906309348477657,0.3662402840314797,0.403657545632636,0.7613230768416529,0.8443721750966996,0.8093122888766888
34,1.0711826053886935,0.41183721778015225,0.30914344145585076,0.35020193719591497,0.8200571241926594,0.8657569038569076,0.843224378208704,1.2562643194157004,0.4869846818495716,0.3656565205658646,0.40362311748960183,0.7629888155623564,0.846513843076825,0.8076465454280845
35,1.0645716007230244,0.4106443447466693,0.3049564729301334,0.34897077926300096,0.8197397611437053,0.8689304927310199,0.845445891025898,1.2475205233078732,0.4867781848436383,0.3633112534378299,0.3974310873820816,0.7602125809649751,0.8479416247324589,0.8139129051551703
36,1.0550048386093474,0.4049750724432015,0.30374360511091847,0.34628617004983503,0.8191050438417854,0.8689304965142408,0.8473500448800162,1.2385788983297148,0.4765733154393816,0.36534773641057383,0.396657833681332,0.7728246223012168,0.8486555111987875,0.8112953095231095
37,1.0442941447206242,0.3995652906537548,0.3007417313165795,0.3439871317259814,0.8216439179676519,0.8714693706401073,0.8495715673065912,1.2263454048679152,0.47689609394450205,0.3618337831527829,0.38761552164090696,0.7657650492850763,0.84508606432885,0.8160545780050336
38,1.0358592540791813,0.3951900888155166,0.2973073094903534,0.3433618567380327,0.8248175181914269,0.8698825743114408,0.8495715673065912,1.2258394915266893,0.47368271584702565,0.3557788511569602,0.396377915539692,0.7737764771795769,0.850083284202363,0.8130403710005445
39,1.0222558748226473,0.3890580021741087,0.2942527652789358,0.338945126768068,0.8279911128916994,0.8717867336890615,0.8483021248336521,1.2055622270788655,0.4646130898256575,0.35001369121716347,0.39093544508219047,0.7806773978504379,0.8534147693502484,0.8169271045950182
40,1.0095095991596499,0.3844799894788688,0.289226736143936,0.3358028782658712,0.83084735006652,0.8800380791947411,0.8517930825828787,1.2060318101243874,0.4649138205930055,0.3541339994412992,0.3869839896007449,0.7767113490638738,0.8511937802208778,0.8140715468863128
41,1.0033845892031206,0.38090740608170237,0.2884665784647411,0.3340106093857032,0.8308473467940339,0.8746429716772747,0.8470326810176696,1.1977180280550774,0.46244236329285116,0.34819194625203514,0.38708371661075697,0.777187277448634,0.8526215619474302,0.8179582796061248
42,1.0033194876519207,0.38154027892157827,0.28880412308649955,0.3329750889636191,0.8346556726049824,0.8768644877669547,0.8479847709779246,1.199375534810299,0.4633942364563673,0.3488722281319074,0.3871090715907516,0.7780598068753591,0.8519076706113639,0.8174823511504461
43,0.9945715709324301,0.3750670775274593,0.28694177206377497,0.33256271898614076,0.8349730226774891,0.8787686413184154,0.8483021226772162,1.1948420272439308,0.4585800611798822,0.3499789740510555,0.3862829853897953,0.7832156725460091,0.8519076754101832,0.8193860564629395
44,0.9935085778764526,0.3757072800929415,0.28722752059917156,0.3305737691355372,0.8359251063008492,0.8778165597379946,0.850206282054837,1.1931034708284052,0.4618178744513538,0.3473850371339863,0.3839005635064496,0.7840882055422993,0.8552391555464938,0.8178789586696351
45,0.9856134989419766,0.3721690112751501,0.2856898805955901,0.32775459902243403,0.8390986931320222,0.8771818449897487,0.8530625192296577,1.1772710667676207,0.45419815791403073,0.34261038517170916,0.38046253837146854,0.7830570314767729,0.8563496504775915,0.8192274135734614
46,0.9818688197122306,0.3701985112374565,0.2833795426800606,0.32829076863212914,0.8381466149186679,0.8809901561785486,0.8479847588148696,1.1761956233390878,0.45220084580940534,0.3420922722721531,0.3819025028853051,0.7853573415426331,0.8579360673871437,0.8250178466651105
47,0.97273112614546,0.36651861147440185,0.282271694282016,0.32394081094990607,0.8378292576958739,0.8800380783813486,0.8514757174909853,1.1624060478786875,0.44436054714771667,0.3420401976343433,0.3760053059499156,0.7893233912038587,0.8580947122387006,0.8262076616580362
48,0.9653877638060492,0.364123658466551,0.2787987784577415,0.32246532686284063,0.8413202213847573,0.8835290361305752,0.8530625234290329,1.1687639475700884,0.4466514579790424,0.33834900880343116,0.38376348007015604,0.7930514819088543,0.8595224890955152,0.8245419229373325
49,0.9594843925577767,0.36031281820405897,0.2771113318834786,0.3220602372777685,0.844493815782372,0.8838463953963086,0.851793081353332,1.1499893205761769,0.44059559473806437,0.3343772788141214,0.3750164479364758,0.79289284360544,0.8619814427836783,0.8243832810643531
50,0.9586161430280801,0.36083732991322987,0.27867983212095715,0.31909895877692857,0.8448111750481054,0.8832116786051235,0.851158354442031,1.15431196316858,0.4470178669470293,0.3338780135549844,0.37341608103662266,0.7937653675005212,0.8590465606398365,0.8273181548398105
51,0.9475289350538093,0.35595599633101543,0.2737262889870535,0.3178466540013219,0.8467153318720521,0.8901935807109749,0.8521104406190653,1.1409022584918036,0.43469284701434346,0.3335432330669604,0.3726661788998375,0.7947172196130593,0.8616641561300605,0.8256524168519315
52,0.9608148225940473,0.36034512977606153,0.2810746664491694,0.3193950320436477,0.8435417350153437,0.8794033598498819,0.852427800698191,1.1408600177339003,0.434139524735797,0.336314876441291,0.37040561607574846,0.7978107397766413,0.8586499596687901,0.822479573789781
53,0.9444684893394114,0.3523174120353843,0.2725965763719753,0.3195545084795775,0.8454458918392904,0.8867026317577368,0.8502062858380578,1.1445172918942574,0.4390564899573368,0.3352529862057144,0.3702078136036509,0.7889267836137512,0.8555564393633711,0.8266042710683854
54,0.9432431101155864,0.35273653466487376,0.2730031457071416,0.3175034245321842,0.848302132797332,0.8847984711505693,0.8546493159744786,1.1459334883538965,0.43848906236040214,0.3345864791225988,0.3728579445317668,0.7974141351651113,0.8625366901428493,0.8263663045475141
55,0.9357091072285906,0.3492579848113343,0.27019253703232077,0.31625858727654593,0.8467153310397435,0.8924151023241574,0.8502062858380578,1.1250783287770612,0.426433966855673,0.33322439650582636,0.3654199649262241,0.8013008668684246,0.8626953302665055,0.8318394555716092
56,0.9357861113412083,0.34979873080361046,0.2704731979395843,0.3155141873270396,0.8486194882798445,0.887654711597876,0.8527451583371394,1.122896809014187,0.42923138000409683,0.32796906422729993,0.36569636479106404,0.8005869755323584,0.8624573675279549,0.8312048873468669
57,0.9311394053237925,0.3490929005638602,0.2679833980523681,0.3140631071710087,0.8498889232998385,0.8879720650374492,0.8530625158625911,1.1372382068762632,0.4356532878479345,0.3314171787148957,0.370167738409862,0.8007456172635007,0.8599984137688733,0.8283493288344184
58,0.9269248741991896,0.3462976015624225,0.2679903064974147,0.3126369694591287,0.8479847714886595,0.8895588651493367,0.8530625246585797,1.1171050277569108,0.42713375649728696,0.3313263909022644,0.3586448841148585,0.8038391366233396,0.8637265031571485,0.83350519537973
59,0.9242665402588864,0.34598421927521394,0.26712688943651963,0.3111554325118741,0.851475725057427,0.8895588651493367,0.856553480364867,1.1215133418588281,0.4309786280387076,0.3237670441140756,0.36676766995898774,0.7959863554715562,0.8651542802432663,0.8296977865749852
60,0.9162514256659253,0.3422619898956339,0.26532078552571453,0.30866864126888544,0.8498889283126061,0.8901935798975824,0.8565534733091601,1.1155484500804673,0.4262179707406656,0.3274728361550582,0.36185764369062895,0.8007456144267603,0.8635678605678921,0.8312842063212779
61,0.9141290871842026,0.3407379962061746,0.2645928180527967,0.30879827576264696,0.8486194912496728,0.8892415041433217,0.8559187606038535,1.110629899000454,0.41923528826708567,0.3320169563941463,0.3593776526927305,0.8043943824459429,0.8653129202250854,0.8319980966408455
62,0.9090988704114822,0.3399846977144905,0.26238851459659646,0.30672564485912207,0.8502062921749528,0.8936845406166375,0.8587749902122326,1.1147147894775573,0.4247567901350726,0.3261502735855143,0.3638077160813215,0.8028872817449796,0.8653129182630067,0.8291425373246538
63,0.9031150695900053,0.337995103004432,0.25990093840148404,0.30521903102150494,0.8521104406190653,0.8968581446236332,0.8581402746505943,1.1147421873740109,0.4260483171400491,0.32529734242555314,0.3633965344274697,0.8021733942621524,0.8639644643756791,0.8271595137705742
64,0.9042093832505691,0.33813608787960947,0.26116499012517613,0.30490830524578355,0.8530625259827069,0.8914630181900625,0.8575055599023486,1.1025700233188205,0.42070266919301713,0.322951882431081,0.35891547997682244,0.805425554478472,0.8644403928313578,0.8354882168298937
65,0.8955172994938096,0.33494039448773205,0.2597811405751789,0.3007957611111224,0.854649323124766,0.8927324666026584,0.8597270717926534,1.0930273944714866,0.4176271946985073,0.3206718068762265,0.3547283933695429,0.8075672264536735,0.8664234142815215,0.8335051962543917
66,0.8967257007005971,0.33413789345892,0.25799996702113404,0.3045878364373222,0.8575055565163658,0.8946366184138373,0.8556014001085734,1.1025314748339208,0.419037737754275,0.3231479492003916,0.36034579403793593,0.8072499436532949,0.865154281259765,0.8315221700763271
67,0.8958845038105291,0.3330758525261384,0.25896775436870484,0.303840895506436,0.8590923520316399,0.8924151005838757,0.8581402696378266,1.1008499864924102,0.416459996754705,0.3248496522861459,0.3595403360580106,0.8078845064882303,0.8648369973010507,0.8331879096716923
68,0.8917578059656209,0.33014111645976085,0.2590012455584321,0.3026154434650673,0.8629006657741138,0.8962234273217133,0.8549666765643392,1.0867889777347155,0.4109696712162565,0.3206339016411357,0.35518540161743584,0.8121678415738195,0.8663440933450318,0.8333465506700102
69,0.8878140419825642,0.3306237676150456,0.25900983955133,0.2981804362443544,0.8625833077379274,0.8930498258683917,0.8590923566282533,1.0889753400121114,0.4156316656389121,0.31757207930045495,0.3557715787697606,0.8078845111452125,0.8688030442673729,0.8352502588901625
70,0.8795363057495791,0.32718570615064146,0.2544754637362124,0.29787513350767014,0.8641701010967655,0.8965407853578999,0.8657569071483098,1.0897187695605737,0.41390588025489994,0.3199305883281868,0.35588229484776346,0.8106607447970138,0.8666613808733112,0.8373919278867865
71,0.8885924585355118,0.3285999245887255,0.25925443243201063,0.30073810246058097,0.8603617941073409,0.8889241470340243,0.8616312345373407,1.0771012818528705,0.40609237495190736,0.3194112330545108,0.35159768193352653,0.8151027228429996,0.8685650803704866,0.8399301986582001
72,0.8773003968690093,0.32460661875146113,0.25693116708053026,0.2957626143567943,0.859727073532935,0.8908283110082584,0.8648048276108282,1.0858730131736156,0.4117309303356312,0.32157821940294934,0.35256386296224507,0.8116125961058087,0.8691203270677516,0.8352502617269029
73,0.8691213601772765,0.320880998102153,0.25332653683278344,0.29491382288728507,0.8648048217846681,0.8981275866993341,0.8629006694627542,1.0821410268911562,0.41240816440383327,0.316156571282264,0.35357629262342927,0.8120092017338374,0.8702308249065082,0.8347743312382269
74,0.8612634461858998,0.3172139476231642,0.2515090390808126,0.2925404670672809,0.8692478552881554,0.8971755076725874,0.8644874713149233,1.078447460976942,0.406411320427327,0.31778524503167394,0.3542508978653438,0.8112159930852173,0.8653922402869135,0.8335051915264908
75,0.8613090898755315,0.31624070721669867,0.2516870035969314,0.2933813838098436,0.8663916218965555,0.8955887050070259,0.8651221924000639,1.0726790225429237,0.4097656173547481,0.3076974505244943,0.3552159565672523,0.8135162967613198,0.8707067487052046,0.8346950141549763
76,0.8563590727696831,0.31489499997653797,0.24881432371190979,0.29264974670726435,0.8667089811622889,0.8965407865874467,0.8625833107077557,1.071864257591083,0.4067787382560519,0.3174031459576947,0.34768237385840023,0.8097882155121257,0.8676132292744472,0.8353295778645733
77,0.8620528962755157,0.31764756397987615,0.251097570796196,0.2933077610359991,0.8679784127017196,0.9028879748719414,0.8632180270827865,1.0733956664675355,0.40621328744879226,0.32160872330916734,0.3455736532959825,0.8101054992580845,0.8661061333723031,0.836678038512799
78,0.8633984102592964,0.31930338230748967,0.2502445950654907,0.2938504437725342,0.8673436967239271,0.9006664524453665,0.8622659446889731,1.0692180355317418,0.405313012691099,0.31357921982743864,0.35032579998971164,0.8139922232549196,0.8696755792966604,0.839374954064851
79,0.8523677164923384,0.313585280237104,0.24632381537875384,0.29245862417734075,0.8727388088380068,0.9016185327962405,0.8629006686493618,1.0793751143176142,0.4109129933642577,0.31591093929770675,0.352551183032651,0.8113746332254211,0.8714999588738447,0.8349329760897838
80,0.8573222234112162,0.3151527300916827,0.24763518768581122,0.29453430847113793,0.8701999314396542,0.9000317414803416,0.8622659476588015,1.0801087788173132,0.40903428488382126,0.3140761804536246,0.35699830474979843,0.8116919160257997,0.8691996536777221,0.8339811237644902
81,0.8618144073474222,0.317821295308295,0.25097582599201945,0.29301729266774423,0.8657569029489346,0.8936845511529076,0.8670263450246355,1.0671598163047828,0.40601587486775814,0.3122101393100186,0.3489338009615785,0.812485126478114,0.8717379236453926,0.8365987128484086
82,0.8468904615924003,0.3115170236827078,0.24689687766260057,0.28847656594083937,0.8755950443860426,0.9003491007460749,0.8698825813860638,1.0563862317709274,0.4021777235668298,0.3102479261282113,0.3439605901340021,0.8176409909195097,0.869041009984501,0.8399301986582001
83,0.8486566898445219,0.3122534622600517,0.2471865898122942,0.2892166325797054,0.8714693701482886,0.8990796636831416,0.8686131405399096,1.0545411904495317,0.4015508322000144,0.30732533671366685,0.3456650227178256,0.8190687698093216,0.8735623061302359,0.8407234110725931
84,0.8440345471452357,0.3102051442065189,0.24744631750588944,0.28638308400466156,0.8679784144420012,0.89685814585318,0.8692478640841439,1.038092633890597,0.3943079998006788,0.30491444205154156,0.33887019631003484,0.8238280354545053,0.8746728001157534,0.842151188874988
85,0.8423758243160072,0.3114883671844244,0.24339468414463417,0.2874927805533904,0.8746429628056218,0.903205332908128,0.8676610627427097,1.0648441583242028,0.4065328194108444,0.30933916855976074,0.3489721765164163,0.8145474743089451,0.8724518140358788,0.8418339010464868
86,0.8416722296382162,0.3124805683939845,0.24544877073984986,0.2837428829379401,0.8705172885678678,0.8987622968509665,0.8727388142669288,1.0513894089890707,0.39949872393134167,0.30841599711534423,0.34347468883832194,0.8157372875690951,0.8722138502099109,0.843103044698928
87,0.8394455988798321,0.3097699522045218,0.2449381844897529,0.2847374626490019,0.8711520125093403,0.8971755013356925,0.8721041033019039,1.0517022250012005,0.3955073002721407,0.30832630123916793,0.3478686248834405,0.8192274136443799,0.871817245598381,0.8377092106871652
88,0.8416919412971564,0.3101025823750824,0.2460878635826129,0.28550148068893827,0.873690881225201,0.9013011785432749,0.872738821019978,1.0500076451308762,0.39691803784083723,0.30518913395632513,0.347900477800398,0.8230348223072878,0.8746727993120103,0.8383437762879224
89,0.8315301696787332,0.30702604285802815,0.24135720367584482,0.28314692360830473,0.8717867264441935,0.9000317376971207,0.8727388180501496,1.0473451692012012,0.3947418809263298,0.3072710409470891,0.34533224921066885,0.8197033402088982,0.8730863786910559,0.8385817409885519
90,0.8211450705790058,0.30232178443237095,0.23506479398934133,0.2837584869648229,0.8759124019114943,0.9032053315840006,0.8686131417694564,1.0408775956396015,0.3932344090638819,0.3075416361743324,0.34010156081104254,0.8203379075589788,0.8720552074622699,0.8432616800237649
91,0.8242516061004401,0.3032614535204913,0.23822543713562983,0.2827647248834551,0.8724214529582562,0.9035226954463473,0.8670263474837291,1.0268146519128778,0.3878777344679581,0.3038230371242843,0.3351138776996053,0.8212104388768643,0.8766558246154131,0.8474656952602816
92,0.8221313712030167,0.30148081868763993,0.2386569682282896,0.2819935734008691,0.8727388084407687,0.904157413977814,0.8682957871003364,1.0354060575813988,0.3910888797031989,0.304327750693913,0.3399894278769245,0.8236693869624648,0.872451812877543,0.8423891524882001
93,0.8155535478812859,0.2995890499069289,0.23594400651755312,0.28002048010714126,0.87908600009233,0.9092351660127679,0.8727388180501496,1.041674849307536,0.39301354966232094,0.30637380783292845,0.34228749105759554,0.8206551912340192,0.8720552131357509,0.8418339039706935
94,0.822655650953458,0.3019749742392622,0.2394272103569917,0.28125346824881464,0.8736908862379686,0.904157413977814,0.8749603358801112,1.0406459705810898,0.393167593528894,0.30869600353398313,0.3387823763880484,0.8227968584813199,0.8706274295180381,0.8477829846797214
95,0.8183784708262474,0.30035704931392626,0.23713858346642483,0.2808828470215878,0.8784512790071892,0.9022532575700216,0.8755950590081912,1.0200448082621834,0.3803531894309766,0.30182706257764985,0.3378645541425491,0.827159515590816,0.8771317519836747,0.845958596521397
96,0.8130079053652094,0.29716619938110705,0.2364146429767536,0.27942706206154344,0.8762297599476808,0.9028879769148807,0.8749603334210176,1.023137001039262,0.3868608569738611,0.30088527804278853,0.33539086175095395,0.8228761794178097,0.8760212560360784,0.8448480995573021
97,0.8156142267905429,0.2985607472081973,0.23844753274347094,0.2786059454296249,0.8794033614010025,0.9047921362925014,0.8771818583066863,1.0347792806770608,0.39084080681222527,0.3048645772109036,0.3390738900348708,0.8248592037756324,0.8739589117582646,0.8450067462291008
98,0.8149283352975655,0.3011795061329212,0.23746665588676721,0.27628217518840353,0.8781339185119091,0.9063789288379472,0.8781339331340577,1.0203767873779999,0.38676165671936535,0.30319099419248596,0.3304241343344564,0.8293805058076038,0.8748314411140712,0.8490521131863326
99,0.8090810047108496,0.29820017498169804,0.2355242734842927,0.27535655294399874,0.8832116763730232,0.9038400488859205,0.8813075295746119,1.0236698320782458,0.38561901001006593,0.3020490812604751,0.3360017396422772,0.8270801947252449,0.8790354564215064,0.845324029100398
100,0.8035467335512736,0.2954806091482017,0.23322628934547585,0.27483983837737236,0.8794033639546767,0.9057442103064806,0.8787686458393643,1.0241254884774769,0.38666917050472,0.30018446275166105,0.3372718575684985,0.8273974756344632,0.8738002727220257,0.8464345230859155
101,0.8065781654610932,0.2959641604357695,0.23452466409458353,0.27608934897954257,0.8797207206667359,0.9047921362925014,0.8790860088883184,1.0238859238457771,0.38549463247254334,0.29980364123979414,0.3385876543926873,0.8297771123812127,0.8768937874248822,0.8469104469555304
102,0.8083641017213469,0.2980415735574648,0.23572091036128906,0.27460162160472995,0.88099016151289,0.9051094909616214,0.8774992175724196,1.0107208078666106,0.38125842782018904,0.29465050369021234,0.33481188108411003,0.8297771076533119,0.8777663195465107,0.8472277334673112
103,0.8079807289211911,0.2953873078185995,0.23819750008300083,0.2743959191468964,0.8825769552878825,0.9041574119348746,0.8784512953696195,1.0184572561978442,0.38474948878052156,0.3001927707937941,0.33351499070124196,0.8261283379557245,0.8749900820414704,0.845799956539578
104,0.8029591652447365,0.29273729954625416,0.23563607030919678,0.27458579729981214,0.884163757953444,0.9066962872902881,0.8790860088883184,1.0254701531698354,0.38439736929743185,0.30586679416322365,0.335206004618615,0.8235107478553074,0.8742761945586432,0.8410406927146361
105,0.8025891114628076,0.29429281352815534,0.23581441988153556,0.27248189036750065,0.8828943133240691,0.9047921325092806,0.8794033693835985,1.013426203939343,0.3803160978699691,0.3007561109113194,0.3323539956391184,0.8280320413061389,0.8763385437061948,0.8484968675764848
106,0.8048863238434836,0.2958806469133263,0.23405281486718552,0.27495286017136134,0.8825769540583357,0.9095525252785013,0.880990169495486,1.0268644026669067,0.38646180545857267,0.30143799612162236,0.33896460507233195,0.8252558104201597,0.8749900848072923,0.8450067463000193
107,0.794628791262785,0.29278722168509447,0.2296102247004356,0.2722313384883406,0.8797207181130617,0.9082830882155679,0.8838464028870859,1.011206990165072,0.3764496517141682,0.30106900137724824,0.3336883323126595,0.8325533448581305,0.8749900875731144,0.8467518076190698
108,0.7991131387487815,0.2931107414720248,0.23237985034890873,0.27362254150365506,0.8813075182249492,0.9073310096049755,0.8765471368053912,1.005663476550457,0.3813104935790012,0.29764367296418276,0.3267093092401712,0.8295391476096647,0.8742761926674829,0.8461965604182834
109,0.7953445852767548,0.2902613075450654,0.23075487363228758,0.2743284083460672,0.8832116725898024,0.9079657327330555,0.8765471309792311,1.001888524105918,0.37810471276651814,0.29516551933193924,0.32861829768507866,0.8296977838091633,0.8795907030478528,0.8497660044514803
110,0.7916363531239484,0.29053051647251654,0.23000792638342255,0.2710979112138146,0.8838463961340366,0.9108219623414345,0.8803554442109701,1.000920911798623,0.37690283427715415,0.295275790194757,0.3287422939292254,0.8323153813323845,0.8769731119309371,0.8490521149356558
111,0.79923473233762,0.2921531189910498,0.23473527172526568,0.27234635580838273,0.8819422422799184,0.9066962872902881,0.8787686500387395,1.0084715459805755,0.3782391177560238,0.2969571539865186,0.33327527989703487,0.8277940803878302,0.8753866867948374,0.8457206309461061
112,0.7888891851663665,0.2897545190150304,0.2281304400559646,0.27100422302623356,0.8844811076097964,0.9073310104183681,0.8816248888403452,1.0010881853716374,0.37803100976755233,0.29139712869298345,0.3316600448083677,0.8305703160017103,0.8777663167806888,0.8495280424457543
113,0.7885637107027103,0.29102737617583474,0.22814058854594302,0.26939576063145537,0.8800380799324692,0.9095525282483297,0.8813075295746119,1.0056245607265806,0.38133816020224165,0.2923807569449167,0.3319056535245614,0.8266835910592949,0.8782422459691921,0.8460379184743855
114,0.7830691166205543,0.2872379383882694,0.22765241348149473,0.2681787595394035,0.8828943133240691,0.9095525290617221,0.8813075257913909,0.9917171041621483,0.3738786699685455,0.2901852698758052,0.3276531555711812,0.8280320460340398,0.8795907011566925,0.8481002636977794
115,0.7915803461519736,0.2901928887144795,0.23098165384174263,0.27040581021638793,0.8822595939792099,0.9051094909616214,0.8797207274197851,1.0043874203548884,0.3787893193576757,0.2935165270490443,0.33208156900042024,0.8323153804577228,0.8771317491469341,0.8511937820411195
116,0.7828563889485622,0.2874865409061289,0.22530877455875103,0.27006107161098797,0.8841637605071181,0.9095525270187829,0.8790860101178652,1.0146881945025223,0.38533899512612074,0.29799815605192054,0.331351041661442,0.8271595166073147,0.8768144702707131,0.8479416200045582
117,0.7808374354514724,0.28668155303382753,0.22575073584001507,0.26840514798687964,0.8860679097646231,0.9089178047040953,0.8816248842437318,0.9995679688357225,0.37985170163652127,0.2901979004319317,0.3295183683723918,0.8289045771391697,0.8828428642097526,0.849766009179381
118,0.7741331682625895,0.2839759840960731,0.22385133896998397,0.26630583763009064,0.8847984681050765,0.911456684656122,0.8841637629662117,0.9936610664243011,0.3742658226601788,0.29268238833244287,0.32671285018134555,0.8323153774791453,0.877528355720543,0.8493694005727749
119,0.7811646057249667,0.2871307846441302,0.2268057673725012,0.26722805818672296,0.8889241443857697,0.9111393253903887,0.8841637651226476,1.014030675756815,0.3813386326448161,0.296150634028186,0.33654140132414584,0.8255730950407801,0.8783215640689414,0.846831127910201
120,0.7787393265321345,0.2849052964562804,0.22671516380095172,0.2671188797478977,0.8898762289360189,0.9095525290617221,0.8809901686820936,0.9843408568737347,0.3705312090832718,0.2919059528558418,0.321903696583181,0.8342190838081374,0.8778456367715984,0.8541286559584139
121,0.782576456368064,0.28586331892301076,0.2290562356853818,0.2676569159467498,0.8924151056155596,0.9073310066351471,0.884481122231945,0.9999994736475373,0.378678130190558,0.2944701578403962,0.32685118017122333,0.8333465543814123,0.8791147764124159,0.849052116023073
122,0.7795521507789808,0.2848728976242885,0.22732412782936617,0.26735512061521616,0.8882894238113638,0.9130434847680095,0.8832116851690117,0.9972992788518913,0.37347824691052456,0.29600436598868624,0.3278166621372646,0.8339018008659216,0.8745934792501823,0.8504005699104006
123,0.7920368491979071,0.289881914002825,0.23029511133211827,0.27185982859198987,0.8863852690303564,0.9063789326211681,0.8806728052169851,1.0014969057158172,0.3757824865214517,0.2943665012244457,0.331347908526529,0.8331879069058704,0.8744348393392817,0.8515903877400667
124,0.7750764617992559,0.2851651726412947,0.2243535925058742,0.26555769335122686,0.8851158349372515,0.9098698845442346,0.8806728110431452,0.984704003880969,0.3693645832473738,0.2905612550519257,0.3247781677340463,0.8342190835788341,0.8780835995810675,0.849210761536536
125,0.7744101905815187,0.28461619640334906,0.22309822519405878,0.2666957635410019,0.8860679165176724,0.9117740401386345,0.8816248867974059,0.9953215226804065,0.3723330061214623,0.29550158349170536,0.32748693139592594,0.8318394547678661,0.876576503608005,0.8471484086775823
126,0.7751896935241709,0.28449967131373316,0.2235636005644494,0.26712643038995754,0.8886067834932514,0.9127261209056627,0.8835290444347451,0.9837045233737772,0.368821833361015,0.2871779700423664,0.3277047303635037,0.8341397657083881,0.8829221870374026,0.8518283477837139
127,0.7764014891880499,0.2820433684140302,0.22398361358442825,0.2703745130961451,0.8892415108207066,0.9111393245769962,0.8806728098135984,0.9824172700814028,0.3682755424206032,0.2882002563252507,0.32594147605517576,0.8377885307489932,0.8805425514489887,0.851590388827484
128,0.7784856176875727,0.28431799692866994,0.22626987823188513,0.26789774488207274,0.8870199925745906,0.909552516898667,0.8800380866855184,0.9960720444156771,0.37472726330202466,0.2930773429295852,0.32826743820113197,0.8298564285188831,0.8784008908916675,0.8501626100085904
129,0.7692654340163522,0.2807596918232136,0.22525684069694318,0.263248901978556,0.889241503651503,0.9079657269068954,0.8822596035885909,0.9746749719469366,0.36431675217735443,0.287520361757963,0.32283785730243403,0.8362814301189484,0.8815737263891769,0.8514317469545045
130,0.7692384154067952,0.2823209260823575,0.22354725392914243,0.2633702287746588,0.8847984693346232,0.9105045992924803,0.884481122231945,0.9902242653180031,0.3705725599001427,0.2927333358221659,0.3269183615624002,0.8330292669949698,0.8763385408694544,0.8500039682065296
131,0.7617122819029464,0.27881538010105106,0.22150087298873264,0.26139602360177594,0.8882894250409106,0.9108219623414345,0.8835290444347451,0.9691478232681359,0.3630287135700273,0.2827073809714191,0.32341172636273907,0.8349329741986234,0.8851431733300327,0.8526215599853514
132,0.7543557015951381,0.27706309235103543,0.21788291945717744,0.2594096890917584,0.8905109444976572,0.9114566884393429,0.8841637583695984,0.972447345643926,0.36626175574073616,0.28331968426217435,0.32286590657004793,0.8380264944331239,0.8844292820648849,0.853573409402986
133,0.7605820428148522,0.2798196446636449,0.21974369209178174,0.26101870345373224,0.8860679165176724,0.9130434772015678,0.8803554497344727,0.9754346301092867,0.3672148044731347,0.2864914715421269,0.32172835267151795,0.8363607547668402,0.8820496530246137,0.8549218681600514
134,0.7565754121994072,0.27714782527649984,0.21884488014333478,0.2605827108134318,0.8920977425666053,0.9105046068589221,0.8828943238603392,0.9727581477689073,0.364421844905569,0.2843451392745635,0.3239911604908179,0.8361227910827095,0.8818910091895554,0.8536527293229771
135,0.7570687235063767,0.2767511523931377,0.21977476959605324,0.26054279678815967,0.8898762221829697,0.9124087624533219,0.8832116835422268,0.9681752284366303,0.36277979848124964,0.2848830958697574,0.3205123369244322,0.8374712488941947,0.8795907011566925,0.8548425510058824
136,0.756077667619644,0.2768398935890924,0.21816853023604416,0.26106923788795394,0.8901935844185314,0.9155823626770969,0.8854331924627032,0.965802687935592,0.36198038133213634,0.2860749274447349,0.31774737985135826,0.8419925449690112,0.8810978016449003,0.856904891572294
137,0.757278046185007,0.2777133805151782,0.2201218942977708,0.25944276521486614,0.8920977425666053,0.9111393291736095,0.8860679177472192,0.9766224873116064,0.3672538461300897,0.2848821108258195,0.3244865306003661,0.8372332849973084,0.8838740363841187,0.8513524241268545
138,0.7526400172116453,0.2761501834075514,0.21783791102707784,0.2586519270236815,0.8927324577310054,0.9124087624533219,0.8838464016575391,0.9573622537546195,0.35939028093691355,0.278288825411455,0.31968315140841885,0.8392956351613586,0.8876814450470265,0.8509558249760498
139,0.7548422858057534,0.2760541315250494,0.21888729893983414,0.259900862424951,0.8889241406025489,0.9117740401386345,0.8844811176353317,0.9790231618928883,0.3656385622258473,0.29182496515379047,0.32155963591507314,0.8404061272557158,0.878718169838807,0.8519076733771859
140,0.7522965951671073,0.2745380211930092,0.21747581368020813,0.2602827600621678,0.8908283075466114,0.9114566922225638,0.8809901682659392,0.9750548334213236,0.3677133879512537,0.2858361105920019,0.3215053395397782,0.8330292669240513,0.8811771197446495,0.8540493406244867
141,0.7546442408139499,0.27587479745460214,0.22195484062407894,0.2568146143166537,0.8889241461260513,0.9086004474813013,0.8860679185606116,0.9817643849053711,0.3681899292019685,0.2912052468161584,0.32236921407966124,0.8370746422496673,0.8791147791782378,0.8542079787860639
142,0.7526610204243577,0.27477012501372794,0.21949527462071292,0.2583956285880808,0.8940019023603805,0.9139955625652094,0.8867026350491389,0.9787408319616087,0.3680511076203362,0.28599295244442346,0.3246967714406066,0.8350122987755967,0.8807805169533612,0.8521456350826901
143,0.7553529353869677,0.275839535055445,0.22071769537527725,0.25879570022721926,0.892415103875278,0.9105046030757011,0.8825769608113849,0.9760274607571469,0.3637275142967346,0.2854679031849399,0.326832035810117,0.8401681615385878,0.8819703328918671,0.8514317465833643
144,0.7541471724470847,0.27616504076377657,0.22058219508268234,0.2573999443987898,0.8911456626318857,0.911456684656122,0.8860679169338266,0.9847474602861692,0.37314221665276176,0.28882727725723123,0.32277796944931175,0.831046244457389,0.8806218779880408,0.8527802056406514
145,0.7479970584744993,0.2736868001343295,0.21748130223517265,0.25682895846005205,0.8908283079627657,0.9124087586701011,0.8857505555116574,0.9539508789865222,0.3579798831990853,0.27692635063245385,0.3190446496506256,0.8432616800946835,0.8837947136273872,0.8564289687191777
146,0.7535689112800373,0.2756236315397791,0.2204707142418432,0.2574745676217477,0.8936845476912605,0.9095525282483297,0.8847984718882973,0.9813951426955798,0.3667584451449856,0.29345380597273374,0.32118289631196656,0.835567541690541,0.8781629261910381,0.8497660044514803
147,0.7510230994648269,0.2747356094507443,0.219074398808841,0.257213086012771,0.8895588621038438,0.9117740439218553,0.8809901606994975,0.9617746258137521,0.3594542560744193,0.2826663297769845,0.3196540397755962,0.8388990245926736,0.8834774287940111,0.8533354511795807
148,0.7413724057638845,0.2722349379676291,0.21231090279088555,0.2568265732858946,0.892415100092057,0.9165344366910759,0.887019991345044,0.9629324828073982,0.3625544880297349,0.28221841288627525,0.31815958756900586,0.8387403827906128,0.8848258914043157,0.8565876087719153
149,0.7479795866714739,0.2757600885521832,0.2159444040833712,0.2562750857553948,0.8940019044033197,0.9130434847680095,0.8863852770129524,0.9716051108417101,0.36900413834179685,0.28292459833274003,0.319676374175447,0.8334258772799807,0.8834774317725886,0.8528595237404006
150,0.7427007086842221,0.2727790770266632,0.21369612531902601,0.2562254952205926,0.8949539784172987,0.9143129210175502,0.88321167760257,0.9573196365139794,0.36202758373347643,0.2776269716576854,0.31766508181959197,0.8376298896088384,0.8840326764368562,0.8571428597550224
151,0.7388902121746362,0.27249635084021173,0.21131147490119753,0.2550823842909782,0.8901935760386972,0.9152649996281427,0.8860679101807774,0.9629836173423306,0.3631687884224088,0.2822112032395006,0.317603622835407,0.8355675396575437,0.8840326792026783,0.8559530440458196
152,0.7376464060358455,0.2700202573021039,0.21481167713031812,0.2528144716034235,0.8936845355282054,0.9117740439218553,0.8892415058079389,0.960867585061307,0.36043397435834085,0.28436022154154156,0.3160733870338692,0.8375505725255878,0.8825255804637937,0.8526215600562699
153,0.7416004750585602,0.27214378454748767,0.21552375136803384,0.25393293630562297,0.8920977391995388,0.9101872429965754,0.8832116843556193,0.9651896462259317,0.36526393222683073,0.2832596400112772,0.3166660772890805,0.8369159984855277,0.882287616637826,0.8542873035048743
154,0.7417566185147374,0.2720877017739537,0.21310756993233232,0.2565613479859789,0.8914630189277906,0.9143129172343294,0.8841637591829908,0.9526986446049284,0.356233041966057,0.2768986698485597,0.3195669315586936,0.844610139655492,0.885857061616603,0.8537320594859651
155,0.7386630649265506,0.26953967918633887,0.21316426206452246,0.255959125799022,0.8955886931655446,0.9149476441456302,0.8825769570281641,0.9533609880977064,0.35684718285590716,0.2836790150355752,0.3128347892358224,0.8419132230869414,0.8830808270901401,0.8603156973729951
156,0.728461811293575,0.26539094811846287,0.21238685024991485,0.25068401057014233,0.894953970850857,0.9136781995162552,0.8879720703717906,0.9493222173657663,0.3560955850149663,0.2760419075666057,0.3171847304245799,0.8411993327673737,0.8843499620030568,0.8551598337353424
157,0.7270206496739001,0.26533614905324676,0.2108272581639951,0.2508572436341858,0.8965407689198053,0.9168517951434167,0.8867026312659181,0.9595652865958817,0.36105778604625305,0.2812968948584881,0.31721060872290696,0.8404854491377857,0.8838740373296988,0.8559530431711581
158,0.7269495057514909,0.26522824218332935,0.2102825828901513,0.2514386747714566,0.895906048648057,0.9136781974733159,0.8854331962459241,0.939951954612632,0.3528949770672501,0.27678017950960065,0.3102768008394265,0.8427857553504069,0.886650271123337,0.8555564383468724
159,0.7225641906545186,0.26369419914319453,0.20897745890338926,0.24989252455913238,0.8959060549849519,0.9178038767238376,0.890510944100419,0.956652096982629,0.3593696372887424,0.2819845658148783,0.315297893845913,0.8400095168288678,0.884191317293337,0.8557944040640005
160,0.72725427128027,0.26655537518990374,0.2099943212084224,0.25070457536430446,0.8990796488718319,0.9181212330197426,0.8863852686331182,0.9456185862425536,0.3536975113795412,0.2768696315998485,0.31505144517087175,0.844768782403133,0.8879987287929852,0.8575394635793568
161,0.7318804065449508,0.2687885041408636,0.21094554431927995,0.2521463659018874,0.8949539780011445,0.9158997165328243,0.887654706509444,0.9553348958619933,0.3591613818370465,0.2792946700489265,0.3168788411971966,0.8372332831061481,0.8842706457944679,0.8507971822284088
162,0.7242395649709916,0.2661626075268246,0.20836308926712782,0.24971386794531697,0.8968581319687594,0.9162170766119502,0.8882894242275181,0.9595062581403709,0.362167135671761,0.2802935048879881,0.3170456230342554,0.8362814309226916,0.8820496567360158,0.8549218699802932
163,0.7292085567454389,0.26842115417014073,0.21220159954360385,0.2485857985533067,0.8978102181457936,0.9165344329078551,0.8889241481689906,0.9537932771831535,0.3578641557224001,0.27732630408286785,0.31860281170440474,0.8411200128473827,0.8844292838851268,0.8561116859897175
164,0.7227147749892041,0.2661422979629293,0.21010597913237233,0.24646650688851005,0.8949539763743595,0.9149476387356243,0.8879720670993045,0.9489873095092779,0.35645500076765524,0.2766151254472304,0.3159171814115059,0.8429443981689664,0.8893471847842288,0.8579360665834006
165,0.7236086792395025,0.26767638390005977,0.2095968428678794,0.24633545223984102,0.8978102219290145,0.9171691552225426,0.888606786860318,0.9367538698699006,0.3474229770600488,0.27591828510320054,0.31341260959781153,0.8470690926108304,0.886095023622329,0.8568255763092852
166,0.7262163051004752,0.2706611995487431,0.20841149043295354,0.24714361108491928,0.8940019035899273,0.9146302765000627,0.8911456651855597,0.9471828038945701,0.3563921798785635,0.2763852207807902,0.31440539971411235,0.8394542720936817,0.8834774317016701,0.8556357602998609
167,0.7256096958243934,0.267904098886643,0.21127095094032797,0.2464346459785063,0.8920977442123065,0.9143129180477219,0.8882894288241314,0.9377409189388698,0.35250258101312176,0.2698816060564837,0.31535673803621994,0.842468471604448,0.8896644695466862,0.857380821919133
168,0.7103964501015916,0.26183648363952217,0.20459981617360826,0.24396014911093358,0.8987622955457554,0.9174865166447118,0.8905109474674856,0.9483385408502402,0.35566924972765657,0.2789847983086224,0.31368448641474755,0.8394542731101804,0.8842706419412288,0.8573015018573049
169,0.7181128972449101,0.2646558116879095,0.20855284516999018,0.24490423849539997,0.8990796556248811,0.9165344358776835,0.8920977437961521,0.9414467034695821,0.35348920851645654,0.27881871896906074,0.3091387695765773,0.8427064363050775,0.8846672524389952,0.8561116830820586
170,0.7134766406726928,0.2621819500845979,0.20749862448577464,0.24379606515651506,0.8987622841960927,0.9152649980013577,0.887337351840324,0.9345160709967212,0.34938339722509226,0.2735642192856764,0.3115684507367272,0.8469897705869235,0.887046878500689,0.8592052108812003
171,0.7160862514950744,0.2632723008922379,0.20597754140783212,0.24683641676144613,0.8978102118088986,0.9139955629813638,0.8886067889032573,0.9250440102853924,0.3471893321436412,0.27047311879905445,0.3073815579284634,0.8469897697831804,0.8852224932500238,0.859363848168116
172,0.7137461937786624,0.2632210069291367,0.205595129210016,0.24493006142273058,0.8955886999185938,0.916534435064291,0.8870199871645849,0.9407898658441686,0.3547103196474717,0.27179386505746744,0.31428567593440176,0.8450860663618474,0.8879987289348223,0.8554771184268815
173,0.7120514617803096,0.2621285939871111,0.20430014284593043,0.24562272517899036,0.8968581340116987,0.9184385927016302,0.8879720665885698,0.9440052086775371,0.355519243794457,0.27388253687460073,0.31460342350869985,0.8444514940711105,0.8857777435168538,0.8543666252451071
174,0.7083363929501566,0.260187661097338,0.20399148452474897,0.2441572437765711,0.8987622858228778,0.9187559519673635,0.886385268216964,0.9280440938210822,0.3511231043501983,0.272982631849975,0.30393835976914885,0.8469897678211016,0.8875228052070444,0.8622987236219781
175,0.7063371882443199,0.26068274613903725,0.2028545802290649,0.2427998533639708,0.8968581331983062,0.9178038759104451,0.8936845409382113,0.9437482038931984,0.3520130880269806,0.2752468016397814,0.31648831114502707,0.8436582875429539,0.8833981050916996,0.8533354484137587
176,0.719557486008705,0.26521364792174135,0.20977813941794551,0.24456568376785684,0.8943192552892189,0.9143129202041578,0.888289429637524,0.9310118983850383,0.34968434026454626,0.27093746611173125,0.31039009531001754,0.8431030372761239,0.8877607613265339,0.8610295867469826
177,0.7114826786786705,0.26254408620475245,0.20568432009379017,0.24325427427173835,0.8940019027765347,0.9184385918882376,0.8911456622157313,0.9464606577998123,0.35800775747290875,0.27526940793647653,0.3131834992045139,0.840723404311695,0.8859363834986729,0.8603156994059924
178,0.7160475275434036,0.2644366273252747,0.2078494935452238,0.2437613972148529,0.8984449265571444,0.916534435064291,0.887972073341619,0.9288425535764987,0.34602229202012097,0.2720905473334487,0.3107297175076381,0.8504005727471411,0.8856190970578106,0.8599984136270363
179,0.7043788302932154,0.25775347406979177,0.2052473387560062,0.24137802099999986,0.9009838104058886,0.9197080277216242,0.8914630240351388,0.9230612666466768,0.34480769613727735,0.27254987373076983,0.3057036979812894,0.8450067415012,0.8867295920598268,0.8624573673861178
180,0.7137012233510164,0.26210696135994294,0.20764302263956758,0.2439512353365628,0.8949539734045311,0.9178038741701635,0.8892415020247181,0.940483834582373,0.35043220305325556,0.27894921233460745,0.3111024184894617,0.8457206289840272,0.8853811389762423,0.8579360703657212
181,0.7176464275684253,0.265114747316487,0.2091883442697734,0.24334334544021718,0.8943192598858322,0.9171691498125367,0.8895588612904514,0.9393025024078874,0.3542562730641693,0.27251090395149896,0.31253532539221907,0.8445308150785187,0.8879194061071723,0.8592052061532995
182,0.7072842941704874,0.26161924327074326,0.20390740088983703,0.24175764078357717,0.8968581357519803,0.9209774655979499,0.888289425854303,0.9355483934220612,0.35256847532846797,0.2747087568125037,0.3082711605801782,0.8454033498950506,0.8866502701777569,0.8588879176085215
183,0.7004192212164421,0.2575410819553035,0.20466445804928568,0.2382136823893804,0.8978102193753403,0.9197080285350167,0.890193581448703,0.9095370970152841,0.3383301734177308,0.2669855304268621,0.3042213922002895,0.8486555093785456,0.8902990379132655,0.8610295876925628
184,0.7061648764560352,0.26035623640644856,0.2034310883366846,0.242377557870094,0.8997143711865194,0.919390674282051,0.8905109474674856,0.9388132942387613,0.3504772110969748,0.2768717499830593,0.3114643310353088,0.8465138441642421,0.8865709501868474,0.8581740331751903
185,0.7033248903523623,0.25879426940362893,0.20414944368103352,0.2403811803368378,0.8974928525431654,0.91939067049883,0.8927324577310054,0.9170634084078061,0.34237647395924664,0.27097107168809176,0.30371586394657973,0.8486555065418052,0.8879194061071723,0.8588879197124373
186,0.7053380913297096,0.2606390360252171,0.20503465408977725,0.23966438820516447,0.8993970106912393,0.9168517951434167,0.8898762289360189,0.9248252828408453,0.34925791677233814,0.27283066598620337,0.3027367017867119,0.8484175483183998,0.8886332953393228,0.8636471806297202
187,0.7065741180503455,0.26074594993206934,0.20727009516562858,0.23855807057867653,0.8987622963591478,0.915582357267091,0.8886067906435389,0.9423008019931539,0.35612235245058255,0.2764809098668846,0.3096975370794783,0.8450860653453487,0.8874434841996361,0.8609502650067498
188,0.6953722652614174,0.2558949015530962,0.20219190164771544,0.23728545520824693,0.9035226937249818,0.9190733112330968,0.8886067906435389,0.921161517518607,0.3461696116014827,0.26622317067701395,0.3087687389976095,0.8497660033640632,0.8911715690893138,0.8594431661969467
189,0.6945799522194095,0.2563395745903301,0.20141010887752975,0.23683026332735674,0.9013011780514562,0.9200253890302967,0.8959060554011062,0.9245863371386331,0.3433491646737614,0.2746278449504128,0.3066093281905487,0.8495280376469351,0.8856984198145421,0.8609502677725717
190,0.6992670939635262,0.25694877429448854,0.20348147227438015,0.23883684218327078,0.8997143779395687,0.9178038779533844,0.8940019006200989,0.9289233230117614,0.3490994137536669,0.27175592639316337,0.3080679849842127,0.8500832891430192,0.88910922386592,0.8609502659523299
191,0.7014190821714229,0.25772399812113933,0.2038553346342149,0.2398397576965933,0.8981275744416986,0.9174865149044302,0.888606784306644,0.924860499536262,0.3470095133170588,0.26895931193610534,0.30889167573456344,0.8480209427612897,0.8901403979314464,0.8615055189849818
192,0.6993549978570385,0.25893714893473324,0.20039824470381098,0.24001959831194059,0.8978102231585613,0.9206601067483708,0.8933671783054113,0.9164563890602999,0.3457020921238902,0.26610206174294465,0.3046522306771379,0.8469104497213523,0.8935512019828242,0.8621400828364159
193,0.7051587574105912,0.26184819211225135,0.20293385083147247,0.2403767184818105,0.8968581415781405,0.9190733137867708,0.8955886931655446,0.9361247189542139,0.3531836973875702,0.2729313470310343,0.3100096705210306,0.8439755684521723,0.8874434804882341,0.8596811338052351
194,0.6981847893809636,0.25791324468897625,0.2009146707147237,0.23935687019404286,0.8952713364534853,0.92129482609323,0.8898762255689524,0.9222240018893775,0.3455724596003286,0.2685353378806285,0.30811620623339003,0.8496866831438504,0.8903783588497551,0.8642817525493169
195,0.6916098900349773,0.25617664679766683,0.19977631141593893,0.23565692377256917,0.8981275774115269,0.9212948290630584,0.8930498224067446,0.9151039888982287,0.34546317253978376,0.2669650949930761,0.30267572821255123,0.8464345241733326,0.8887919382288009,0.8628539750471438
196,0.6899618557315901,0.2555997960862944,0.20045250040392995,0.23390956302458654,0.901618528521201,0.9190733104197043,0.8927324623276188,0.9116234598562986,0.3428843578906879,0.26900439069562704,0.29973470888121173,0.8513524268926764,0.8874434794717354,0.8652336030709163
197,0.6984823818662287,0.26100509233302216,0.2017178284066399,0.2357594613582889,0.8993970194872278,0.9216121891421842,0.8974928487599445,0.9238349290259854,0.34853345076523606,0.2726039880446536,0.3026974899631531,0.8451653814830191,0.888474654482842,0.863567859480475
198,0.6971194945188297,0.2598967450179966,0.2019849792666679,0.23523777330330312,0.8993970190710735,0.9200253928135176,0.8930498245631805,0.9089709601659859,0.3420056736082999,0.2654577251670003,0.3015075566751957,0.8488934694221928,0.8906163217301428,0.8647576775228967
199,0.7018701935223041,0.2633592086116763,0.20068532342439377,0.2378256688209535,0.8968581433184221,0.9203427462530908,0.8917803795176512,0.9159593558939327,0.34578782207498543,0.27005737982356426,0.30011414996011976,0.8493693987525331,0.8883953344919324,0.8646783526622493
200,0.6968114005501631,0.2621325156029275,0.19812755422416622,0.23655133261467987,0.8971754988009345,0.9200253882169043,0.891780380747198,0.9149496129249953,0.34696912163168375,0.2651207889890826,0.3028597027273761,0.8464345200198718,0.8904576777532476,0.8643610678997918
201,0.7059860284916373,0.2668938569533034,0.20081499783586448,0.23827716588538927,0.8940019099268222,0.9212948240502907,0.8940018947939387,0.9480679849473114,0.36105157975693986,0.2746001975992778,0.312416211389962,0.838899026625671,0.887760770853254,0.8600777365965233
202,0.7056383751983001,0.2672959117237177,0.20155348279047905,0.23678899535354225,0.8978102135491802,0.91907331000355,0.895271341466253,0.9162141626252052,0.3459877934526412,0.2649229787780025,0.30530338779007915,0.848655511269706,0.8912508854397398,0.861664156200979
203,0.6991070175844312,0.2625970436642564,0.20062373204482467,0.23588623714632398,0.9006664591038351,0.9184385906586909,0.894319263669053,0.9152306397995488,0.346235037067459,0.26777045402158456,0.30122514749543466,0.8488934758284983,0.8917268138245,0.8622987274752172
204,0.6913818895381733,0.25965517965035756,0.1983650666367474,0.23336163875376448,0.8965407810828603,0.9231989816876299,0.8933671762624721,0.9149806308403092,0.34477058640340136,0.26623309514586285,0.30397695141860037,0.8511937765803942,0.8928373117341751,0.8619021200269468
205,0.6926775240058257,0.2609044610697366,0.2004895059552052,0.23128355344830145,0.9028879701807475,0.9228816211923498,0.8959060575386261,0.9096456321800428,0.34319169635557867,0.2669190813597353,0.2995348556301563,0.8482588998972779,0.8883160097731222,0.8642817489962995
206,0.6909665778416446,0.2604595436175185,0.19772369262056858,0.23278335200741496,0.8997143745535859,0.9209774655979499,0.8933671758463178,0.9207592055507662,0.34527207986306374,0.2700224669572334,0.3054646552093649,0.8482589065872574,0.8901403931326272,0.8609502706802307
207,0.6910744372415981,0.2589139430646252,0.20088249081772344,0.2312780035909718,0.9025706083613402,0.9181212351761784,0.8965407735164186,0.9055229868907388,0.34455950176289396,0.2637235826888848,0.29723990147683227,0.8485761902622977,0.8903783589206737,0.8676132302200273
208,0.6856616163813701,0.25611952395996795,0.1977886202287311,0.23175346674956204,0.9000317342354736,0.9203427462530908,0.8971754920478853,0.9126604236476227,0.3452177755141642,0.2683665139544934,0.2990761337247911,0.8523042782014714,0.8910129264125913,0.8676925531185958
209,0.686048794023501,0.2551979785711188,0.19545571302675285,0.2353951097603489,0.8997143711865194,0.9197080277216242,0.8898762259661905,0.9021544658079622,0.3383164026030486,0.26185289329074324,0.30198516852889534,0.8517490277218859,0.891012924379594,0.8616641599832996
210,0.683504682255336,0.251460927094932,0.19891864764088868,0.2331250982931855,0.9013011768219094,0.91907331000355,0.8920977408263238,0.9035709836513828,0.3423235155905022,0.26299742988617403,0.2982500372374002,0.8470690913650285,0.8911715682146523,0.8646783517166692
211,0.6893744227319474,0.25379787167928514,0.19901970925500603,0.23655684511743247,0.9000317380186945,0.9209774647845574,0.8962234154802321,0.9190398104139575,0.34521057527827603,0.2662801835551519,0.30754904962317875,0.8489727928952012,0.8908542873054338,0.8603950192550649
212,0.691802924661476,0.25478877167367286,0.19959017161962078,0.23742397096432494,0.9006664545072218,0.9203427500363116,0.8898762201400304,0.9163027211563947,0.3433343343944376,0.2690305436034315,0.3039378485956114,0.846989770657842,0.8888712611273694,0.8596018109775851
213,0.6785158993553941,0.2485572458524168,0.19698257717356837,0.23297609051648718,0.9025706159277819,0.9235163447365841,0.8984449287135803,0.9029053919489514,0.3368220413110348,0.2660210359065323,0.3000623161497545,0.8496866851933954,0.8913302110332118,0.8645990299055178
214,0.6777040413999058,0.24991439210067132,0.1954251919444195,0.2323644604239529,0.8990796552087269,0.9200253890302967,0.8940019002039445,0.9007372957364492,0.3400553626761028,0.2657074765383871,0.2949744558045003,0.8511937869817758,0.8925200260970559,0.8678511957243998
215,0.6772206974612157,0.2508905824074023,0.1954814760089488,0.23084863574400435,0.9006664582904427,0.9219295446246967,0.8987622841960927,0.9027046171425733,0.3409692370192787,0.26600192235360925,0.29573345636786275,0.8496866862808126,0.8906956434703757,0.8670579826481007
216,0.6850576309959535,0.25540846192299543,0.19718365039722535,0.23246552269067586,0.8993970250107303,0.9235163447365841,0.8981275714907863,0.8953543158406599,0.3341089516223314,0.26445429210995874,0.2967910690600558,0.8530181703412808,0.8917268195688994,0.8607916211716915
217,0.6816149175602154,0.25359786102995724,0.196136056549282,0.2318809971435605,0.898444937906807,0.92224690389043,0.896858134427853,0.9166677704439521,0.34636431259078077,0.26898817473596554,0.30131528500836613,0.8495280378596906,0.890219715156534,0.8642817509583783
218,0.6841328465079777,0.2536657478309215,0.19822180157179153,0.23224528930710067,0.8965407772996394,0.9171691556386968,0.8940019035899273,0.9003575863349899,0.3399613370853402,0.26104873564190934,0.29934751267043397,0.8512731058852683,0.8919647785251293,0.8636471834664607
219,0.6841012424077355,0.25443797416438835,0.19578540076418022,0.23387786842497219,0.8974928588800603,0.9181212334358968,0.8911456651855597,0.8941592548541625,0.33518450510221026,0.26223268033142483,0.2967420691841324,0.852780202803911,0.8898231112778286,0.8654715678424643
220,0.6838481835583512,0.25441723253302484,0.1973805862337928,0.23205037378614118,0.9032053340430942,0.9181212334358968,0.8943192561026113,0.8999899565450185,0.33949648237317276,0.25991500180799426,0.3005784702445699,0.8510351440213793,0.8949789770193971,0.8645197155880893
221,0.6771237482460141,0.25279633068103935,0.19285107958944817,0.2314763408129422,0.9022532562458943,0.91939067049883,0.8920977391995388,0.8992585403039641,0.3380301353894928,0.26469073477581984,0.29653767790245555,0.8536527320178805,0.8912508873309001,0.8657095276024375
222,0.6738272419584171,0.25086922846647036,0.1911161058301284,0.2318419126225668,0.9009838213393969,0.92034274829603,0.8959060490642113,0.9144767119994746,0.3439119367990201,0.2677519578615812,0.30281281237457747,0.8502419318906603,0.8885539782560722,0.8645990328131768
223,0.679995435054474,0.25127140085722144,0.1927571704333943,0.2359668666012739,0.9019358936130943,0.9257378608262641,0.8990796484745938,0.9045525224276725,0.34035622846520447,0.2663391675725325,0.2978571254402184,0.8507178528526163,0.889426505791637,0.8635678568564901
224,0.6764072798729246,0.25161212459513965,0.19361195952806803,0.23118320497604675,0.9003490952414885,0.9209774680570435,0.8943192544758263,0.8929607747254878,0.33534541142925806,0.26235874856625613,0.29525662205821984,0.8517490307004633,0.8932339143836263,0.8653922459603944
225,0.6731459429739998,0.25208595582830534,0.19131078635159465,0.22974920245398797,0.9003490952414885,0.9206601087913101,0.8927324581471597,0.9081924119078499,0.34023404618774084,0.26524751170957894,0.3027108514101847,0.8487348302441168,0.8884746497549413,0.8608709448030847
226,0.667886732003682,0.24887746274092962,0.18947210246345347,0.22953716679929892,0.8993970136610677,0.9235163401399707,0.8933671820886322,0.8942750309833104,0.3373595767395109,0.2599193395718316,0.29699610876622884,0.8517490325916236,0.8910129216846906,0.86642341435244
227,0.6725109021877796,0.24922906921160332,0.19130906700539385,0.2319727631333668,0.8971755004277194,0.9206601067483708,0.891145665601714,0.8916479607185176,0.33341104468043964,0.2583492604871287,0.29988765583698723,0.8548425510058824,0.8948996549954902,0.8630919377856944
228,0.6633861854469084,0.24619432215045953,0.18820460017277527,0.22898726289195132,0.9032053306760276,0.9241510612251115,0.8993970123369404,0.8878371148292122,0.33251479851142396,0.25563282630980094,0.2996894904559559,0.8538906988224257,0.8932339154710435,0.8646783583357303
229,0.6717590056726267,0.24979611649111466,0.19241438663240387,0.22954850420899633,0.9009838158158944,0.9181212334358968,0.8952713368696397,0.8949057614102639,0.3352820102163525,0.26288864057192846,0.2967351080547329,0.8500832908923426,0.8927579888356065,0.8602363765074239
230,0.6676439266664874,0.24874995777963343,0.1891838806001242,0.22971009347920038,0.902570612144561,0.9225642661259916,0.8962234150829939,0.8955658642161306,0.33920601959803237,0.263784834060901,0.2925750091326216,0.8497660063426405,0.8941064448268501,0.8677718750006657
231,0.6622311739042349,0.246411792501235,0.18716101608023647,0.22865836177126486,0.9022532508358885,0.9241510599009841,0.8965407731191805,0.8812747776739999,0.33107714090111273,0.2557382661226655,0.29445936850611865,0.8527802009127506,0.8977552153281806,0.8667407066086201
232,0.6664795276665453,0.2474265463652591,0.18933575550967344,0.2297172253092521,0.9009838158158944,0.9247857809861249,0.896223411299773,0.8873503543179447,0.3325359890524227,0.26143727348435547,0.2933770981721064,0.8552391556174124,0.8942650848086692,0.8682478015651841
233,0.6720172242488758,0.24941997227688434,0.19045069727660058,0.23214655398130796,0.9051094888241017,0.9197080297645635,0.8930498190396781,0.8879489762707214,0.3344520450635954,0.2544366321707827,0.29906030448997695,0.8518283524406961,0.894106444685013,0.8645197117348501
234,0.6689574541042284,0.2483975466320682,0.18925015545579904,0.23130975720883173,0.903840047164555,0.9244684229499384,0.895588698689047,0.8956966397735255,0.33462308994356604,0.2624327820809438,0.29864076325751,0.851273107847347,0.8932339116178043,0.8642817519039585
235,0.6661272397195677,0.24764857375689894,0.190436912747233,0.2280417494322148,0.9041574122564485,0.9235163405561251,0.9009838124488279,0.8981752734573087,0.3410681134037082,0.2599295840504159,0.2971775781224662,0.8545252644231831,0.892202741405517,0.8660268114902333
236,0.6693712595113683,0.24973488493841137,0.19008241107693857,0.22955396704751702,0.9003491036213227,0.9225642623427708,0.8997143771261762,0.8922386023436019,0.3342956612844759,0.26060142670841174,0.29734151838597744,0.8572221799752351,0.896248112877894,0.8663441000350114
237,0.6671700769097265,0.24863343763184978,0.1884793870101388,0.23005725369590382,0.9009838141891094,0.9212948256959919,0.8974928584828221,0.8960428411334439,0.3364437004642747,0.26147892691524194,0.2981202206424787,0.8554771212636219,0.8940271238194418,0.8686444014488133
238,0.6663422888515488,0.24885916030338853,0.18738264956291953,0.23010048253673934,0.9025706151143894,0.9219295450408509,0.9006664544126414,0.8908704177633743,0.33502850300770043,0.25651791139324887,0.2993240038021197,0.8536527358711196,0.8942650883782342,0.8644403907983604
239,0.6621582930294607,0.24627303084998764,0.18635328775623494,0.22953198081215234,0.9054268522892102,0.9254205007471383,0.8990796548114887,0.8877909597477187,0.3355559531117333,0.25682891289616894,0.2954060861751753,0.8526215562030308,0.8937891609390543,0.8653922467641376
240,0.6558428974766006,0.24439438231235003,0.1833576763273988,0.22809083599943616,0.9035226954652634,0.92351634218291,0.899397017349708,0.8746298035083571,0.3308413244191118,0.2512121278690083,0.29257635358418727,0.855794404134919,0.8958515091410256,0.8698342221152199
241,0.6644060434480956,0.24661197745300634,0.18595053982409324,0.2318435195503595,0.9000317359757553,0.9219295438113042,0.8940019023603805,0.8951830762775561,0.3335006761803373,0.2609991936294265,0.30068320482957467,0.8565082915468277,0.8947410169757499,0.8668993436118618
242,0.6516230686699841,0.24406802944628558,0.18169325800575328,0.22586178998083056,0.9044747619128007,0.9254204969639175,0.900666452369702,0.8812579273695306,0.331441612928536,0.25439425530843657,0.29542205676447064,0.8554771174813013,0.898945032283185,0.8691996490207399
243,0.6553163053269841,0.24494224526189085,0.18408682930567877,0.22628723122285913,0.9047921345711359,0.9257378566458051,0.9022532545245288,0.89447027601333,0.33742686066703526,0.26037686720207964,0.29666654341631427,0.85206631130946,0.894820334129919,0.8668993398295411
244,0.6638388932980798,0.24904162051071632,0.18715019364729263,0.22764707985415378,0.9038400547309967,0.9244684229499384,0.8962234138534471,0.8925404178923181,0.3374333874371009,0.26008007961861,0.2950269466228656,0.8493693986816147,0.8926786679700354,0.8636471796132216
245,0.6584921581939606,0.24733255911406848,0.18634823300429126,0.22481136536151786,0.9000317397589761,0.9228816240675977,0.900983816648203,0.8790261247132142,0.3296188872750484,0.2550895351355409,0.29431770208277747,0.8565082895847489,0.8941064456305932,0.8641231061777399
246,0.6553632160929489,0.2467819052020999,0.18410609827575816,0.2244752081177871,0.9047921270046942,0.9276420156072716,0.903205324755287,0.8925187860159678,0.3407604351239058,0.258603031020941,0.29315532225161905,0.8525422419565206,0.8938684837667042,0.8678511958662369
247,0.6573080570498787,0.24704979684041894,0.18649681239270363,0.22376144546170115,0.9032053286330883,0.9241510599009841,0.9022532507413079,0.8871667312291647,0.3352365770072934,0.26055514854784195,0.29137499407412487,0.8558737201307525,0.8913302072508912,0.8694376136504508
248,0.6617513379760108,0.24912159205882825,0.18672454579884346,0.22590519845845095,0.9003490972844278,0.9231989858870051,0.8981275744606146,0.8786267152225564,0.3299264842095454,0.25460810814428986,0.2940921212387773,0.8589672442894106,0.8968033613244821,0.8701515039700184
249,0.6599374146773225,0.2478778768024608,0.18597938344520978,0.22608015655298455,0.8993970232704487,0.9238337036050792,0.8974928597123689,0.872237006101429,0.32773854204501474,0.25505486358599233,0.28944360261452495,0.854604586163416,0.8931545916268948,0.8685650814579038
