,val_loss,val_dense1_loss,val_dense2_loss,val_dense3_loss,val_dense1_acc,val_dense2_acc,val_dense3_acc,loss,dense1_loss,dense2_loss,dense3_loss,dense1_acc,dense2_acc,dense3_acc
0,1.9596532876436312,0.6763814749773704,0.5615034120418049,0.7217684186136711,0.5861631226857402,0.783878133415003,0.6997778439514223,2.4559923907507133,0.7829635149993648,0.7145795491143223,0.9584493123871335,0.5348615820396332,0.6383755100636722,0.6686761304966623
1,1.7356060903362152,0.6628080305505352,0.5159891656148021,0.5568088922792676,0.5991748639304688,0.7911773949000843,0.7153284727335355,2.0029030403327233,0.7163591195440712,0.5912751476581426,0.6952687750216696,0.573728881437697,0.7586261564907816,0.6972316930927008
2,1.670658994159862,0.6492329732609794,0.5010464259913066,0.5203796001189628,0.6321802608023293,0.7930815542777051,0.7229450980809634,1.8235746903584782,0.6939318547820349,0.5520389389110479,0.5776038906184103,0.5911001826038045,0.7713968424658247,0.714523679066718
3,1.6254201189596211,0.6378563463555484,0.4840270007689466,0.5035367841116779,0.6458267184410047,0.7933989211098802,0.7350047661251055,1.750258369715102,0.6755042382242413,0.5301297603241087,0.5446243664884942,0.6042674722447974,0.7791703018773752,0.7264218287666717
4,1.5864324226185693,0.6251314708029645,0.46968671256721833,0.4916142203322822,0.6651856537963882,0.7959377952357467,0.7467470589572383,1.7026781187642241,0.6616349475724357,0.5169226194275279,0.5241205446558618,0.6248909318779011,0.782819070558464,0.7316570165486947
5,1.5569805514808686,0.614610489551244,0.46175327646433456,0.48061678311023515,0.670263409614563,0.7981593100958799,0.7562678646413307,1.6658876138532663,0.6491219621632454,0.5009769305056108,0.5157887334769521,0.6356785924077043,0.7858332689818132,0.7332434361531505
6,1.5327081849029502,0.6067802929681507,0.45202954554701563,0.47389833832006534,0.6750238036133304,0.8016502658021674,0.7600761700039703,1.6353336467498583,0.6393280666003269,0.49052055908524095,0.5054850219685014,0.6366304408797588,0.7884508590113117,0.7385579455170216
7,1.4993292635034206,0.5924947565602938,0.440973810414139,0.4658607007756531,0.6940653746902129,0.808949541493243,0.7743573449256494,1.6145793496829584,0.6326257358901685,0.4790452245377318,0.5029083958906668,0.6460696437399138,0.7929721561026268,0.7403030033539731
8,1.4777048060115425,0.5831769668310645,0.43554284507529917,0.4589849978883998,0.7013646483383493,0.8083148229617764,0.7759441446402988,1.5879315462291708,0.6218157106286671,0.470524715353195,0.4955911169708735,0.6569366204783059,0.7993971595938525,0.7460934400151872
9,1.452804134936985,0.5727180471234153,0.42757086691800394,0.45251523131833915,0.7124722256088438,0.8092669007589763,0.7822913295388109,1.5608269143484677,0.6135585617421497,0.46165834904246567,0.4856100007271118,0.6634409437311379,0.7994764832252457,0.7504560925386196
10,1.4316074185733074,0.5658140889768258,0.42025894545177095,0.44553439456748417,0.7134243046355906,0.8099016184770504,0.7838781300668526,1.54395407037825,0.6073132736919098,0.45644949241956123,0.48019129717492787,0.6725628591504796,0.803918455810506,0.7527564072614621
11,1.413402786560567,0.5582686891558812,0.41464122114995666,0.44049288192956043,0.7197715071260796,0.8121231371204046,0.7911774057579283,1.5285454879643339,0.6028246427070256,0.45252974072880964,0.4731911026042431,0.6724835409798119,0.8056635172879412,0.7537082557335166
12,1.3907554845740324,0.5490640036381074,0.4066031650299876,0.43508829791672227,0.731513801698494,0.8146620074630503,0.7930815583824998,1.5101485878259873,0.5919374221330254,0.44593778905524717,0.4722733790016651,0.6873165721782488,0.8105814220402823,0.7591814088615275
13,1.377969416010308,0.5442963718081686,0.40190709183912965,0.43176594004862573,0.7423040318663103,0.8213265596098916,0.7927642020865948,1.5019607323814252,0.5918892059255632,0.44573264936342905,0.46433886714729394,0.6840644101416875,0.811057350495961,0.7644959115354191
14,1.362504053289873,0.5357307169180906,0.4000788911094139,0.426694456612031,0.7388130782029622,0.8159314529058177,0.796889875094802,1.4837167106821165,0.5823458703965401,0.4388225512178542,0.46254828616479127,0.6922344730773509,0.8099468573141866,0.7628301700488935
15,1.3447639858181686,0.5277707164569796,0.39416168483996233,0.4228315774182296,0.7515074581390182,0.8260869561623332,0.7997461105293412,1.4680639044416028,0.5764147123744299,0.4332302753965227,0.4584189071486582,0.7000079333635632,0.8166891387360531,0.7679860383435284
16,1.3380549580889707,0.526352672473244,0.39259750579735925,0.4191047604009864,0.7445255542928852,0.8251348791785257,0.7997461097159487,1.4550013227297103,0.5711261125898592,0.42642652954156557,0.4574486819835604,0.6980249073273356,0.8174030310886181,0.7668755462491712
17,1.3124740473318388,0.5152155275913846,0.38267328161468434,0.41458523669760405,0.7562678571505533,0.835290379881367,0.7994287542334363,1.4324954218345127,0.5628314148195864,0.4254038677067498,0.4442601445005936,0.7117474424363393,0.8185135223083136,0.7743317219856815
18,1.3016383585495557,0.5116631901290674,0.3776422742339249,0.41233288376378996,0.7638844845409206,0.8378292636166146,0.8013329118707754,1.435881406964739,0.5632105790633577,0.42241693156947696,0.4502538916040036,0.7096850944471235,0.8216863664578813,0.7750456074355113
19,1.2875377399813217,0.5048729939257974,0.372598656763239,0.4100660916473403,0.7673754419874895,0.8394160553486678,0.8026023481203162,1.4266876463112053,0.5580032551573224,0.41612637926171125,0.45255801565794446,0.7162687443264737,0.8254937703928884,0.7673514718681094
20,1.2715355932655807,0.4983491936550183,0.36594615637858835,0.4072402266709247,0.770231666072366,0.8441764556843302,0.8083148186867368,1.4081315857720922,0.5521638823877463,0.4100535692127178,0.4459141284815995,0.7153168872567317,0.8274767956253727,0.7724280164604326
21,1.253971763997939,0.4914316917195921,0.36107616210241084,0.4014639007178839,0.7724531864560017,0.8441764548709376,0.8076800963720493,1.3939480619009947,0.5441595608826679,0.40758851139572105,0.4421999882538786,0.7193622607786536,0.8304116768236343,0.7798841893602024
22,1.2389625996417448,0.4846033026815709,0.35566089441571225,0.39869839829779624,0.7810218946133973,0.8470326882625375,0.812440485358049,1.3830132568781786,0.5406282286039945,0.4038226656799531,0.4385623702250626,0.7277702895023637,0.8310462463485492,0.7798841920551058
23,1.226003365303289,0.47911910084231396,0.35221344096363255,0.3946708301368951,0.7749920588415867,0.8470326936725434,0.8159314486307782,1.3602854025830093,0.5319531144905385,0.397397574321874,0.43093472087072177,0.73070516713106,0.8334258716774183,0.7844054892173395
24,1.2137967165369188,0.4730731353650809,0.3480228196625027,0.39270076907577683,0.780387168515489,0.8489368492669432,0.8159314553838274,1.3608102337775265,0.528812580259179,0.39604962707993685,0.4359480297148459,0.7307051613866606,0.8339018010786772,0.7821845011044676
25,1.198790457316029,0.4671742730445614,0.3433818846174892,0.3882342991905339,0.7826086943091305,0.847984769426804,0.8162488166925,1.351800101966628,0.5278679479962253,0.3934257693563321,0.4305063850951344,0.732529549544985,0.8375505697597659,0.7867057992122813
26,1.1918034027660132,0.46340386029918096,0.34090675467046544,0.3874928048208607,0.7908600444303395,0.8556013938473429,0.8175182449594447,1.341831462638766,0.523900878082385,0.39125315012783934,0.4266774401516656,0.7384786282210154,0.8371539641317373,0.785040058813173
27,1.1688230034662632,0.45437544537929836,0.3328222218902101,0.381625328630313,0.7899079640794655,0.8587749856912836,0.8197397711692406,1.318990114452516,0.5127226620111173,0.3811277078983662,0.4251397455134342,0.741096211631453,0.8404061263101357,0.7890854283943897
28,1.1616481766553957,0.45063800771665435,0.3328096397393698,0.3782005192778747,0.7927642038079603,0.8533798781738172,0.8191050492707074,1.3056034509542016,0.5086617821023345,0.37677111616310144,0.4201705493626875,0.7484730699135724,0.8454826698859602,0.793289441881583
29,1.1503641674231817,0.446796382402322,0.326042369145206,0.3775254210492082,0.7962551511344135,0.8622659451807918,0.825769593851107,1.3163332900851954,0.5145777566650247,0.3785843911235826,0.423171142296588,0.7448243033529472,0.8430237190345377,0.7916237021443807
30,1.1402301385417055,0.44465638888672926,0.31938120277296433,0.3761925530202878,0.7940336383172195,0.8657568983334051,0.8257695964047811,1.2995965308141508,0.5092998630958724,0.37113689230238595,0.41915976501451074,0.7456968333541122,0.8457999538446745,0.7967795676731937
31,1.1149872493002386,0.43278675906357783,0.31037852062153004,0.3718219620486889,0.8035544242718151,0.8701999373603949,0.8235480760211454,1.279856255253613,0.4993057396548627,0.36560663923549075,0.41494388111598185,0.7514079465423179,0.8491314369595626,0.7974934597255369
32,1.1134703784320363,0.4324914208199251,0.3111878437717466,0.3697911180870301,0.800063467335981,0.8711520134173133,0.8235480798043663,1.2755917895366928,0.4986488638729261,0.3646762141813235,0.4122667124073388,0.7544221450365856,0.8486555075583039,0.7981280198821166
33,1.106600654953739,0.4293316801326005,0.3089743800123167,0.3682945858142142,0.8035544255959424,0.8701999373603949,0.8251348761330329,1.2692174927573887,0.4974859936709936,0.3577555691322649,0.41397593330502974,0.7550567134740833,0.8526215619474302,0.7959863583792152
34,1.0897719636110228,0.4225942035377385,0.3023245729688083,0.3648531752913689,0.8073627396599901,0.8733735350304958,0.829260546587566,1.2605025894609538,0.49007008221238896,0.3589201974549168,0.4115123145215487,0.7583881984801317,0.8525422418146836,0.7978900607840494
35,1.0812936191216835,0.4187902023738545,0.3009355459959308,0.36156788445661575,0.8070453829479308,0.8746429645269873,0.8270390346972611,1.260297359619888,0.49246759777113724,0.36024371124854254,0.40758605179045726,0.7564844941841371,0.8524629162921302,0.7999524069530236
36,1.0741268943431301,0.4150827034187105,0.29854736307128127,0.36049682926238813,0.80894954058527,0.8752776868416747,0.831799423683261,1.2471692393742726,0.4843930712186478,0.3565513985873479,0.4062247752500316,0.7596573317146438,0.8538113750491956,0.7993971595938525
37,1.070758961148203,0.4136936048010878,0.29831943853209414,0.3587459187419102,0.8159314456609498,0.8784512807285547,0.8324341422147276,1.2467290530208934,0.4859227684579191,0.3519822252754595,0.4088240623854717,0.7574363422850514,0.8558737201307525,0.7999524062201989
38,1.0574970140566111,0.4075470253404304,0.2946755794807677,0.355274418693465,0.813392573672603,0.8784512807285547,0.8356077394686741,1.2316763199150131,0.4788995254254411,0.3497233787845391,0.4030534213702401,0.765685728419505,0.8593638462769557,0.8052669174043119
39,1.0531169899831836,0.40698445855303816,0.2909273144953669,0.35520522735755206,0.8127578509606773,0.8790859992600214,0.8378292610818566,1.2318549865421358,0.47759878235189696,0.34916637697704556,0.40508982294980866,0.76727215282278,0.8549218700512117,0.805346234558481
40,1.0426170819148455,0.4017311675951088,0.28874437224861177,0.35214154346145854,0.8156140843522772,0.8797207169780955,0.8324341422147276,1.2174146372537984,0.47262200567774704,0.34502253250059434,0.39977009527658863,0.7681446765760241,0.854921871942372,0.8065360524590657
41,1.0404240011374408,0.4023507125734791,0.28649150816382624,0.35158177613455394,0.8184703227566447,0.8800380846236631,0.834655665454695,1.220004925334861,0.4772101484302337,0.34234529590875235,0.40044947344778153,0.7669548682021595,0.8609502648649128,0.8068533380961848
42,1.0304625922254214,0.3965453894620318,0.2855048870726337,0.34841231760128233,0.8225960033312937,0.8806727968182347,0.8371945463336108,1.2102401943619816,0.4724280895731626,0.3430605538185274,0.39475155093719627,0.768224004131575,0.8584119987504814,0.8069326569287586
43,1.0202015793841819,0.3918845849599357,0.281508064835611,0.34680892153983267,0.8232307180795394,0.8867026367705044,0.8359251037471751,1.2008037386911095,0.4678689233631905,0.33833020787703544,0.3946046076872786,0.7716348081120342,0.8605536611989628,0.8105814210947021
44,1.020089157873848,0.3914747011449669,0.2804217787157426,0.34819267658497255,0.8251348736739393,0.8870199934825637,0.8375119000758416,1.2048509780483316,0.4682690104069411,0.3380079960037282,0.39857397587622545,0.7725073374678408,0.863012612121304,0.8073292578288865
45,1.0170901979351377,0.3910168300769095,0.2777385644990654,0.3483348095163547,0.826086950147012,0.8847984765794912,0.8352903852157084,1.1939710577786031,0.46648355037212713,0.33341453430261525,0.39407297476689973,0.7765527062453144,0.8649163146679754,0.8096295707314873
46,1.003415287619203,0.3846864782318695,0.27621545764386785,0.3425133508165766,0.8260869514711393,0.8898762382238261,0.83909870397095,1.1863141817852536,0.4586417161213696,0.33183784512805176,0.39583462429333144,0.7790909789788067,0.8665027352180111,0.8111366715033691
47,0.9997461649471902,0.3839589249838046,0.2743051664786125,0.3414820706473574,0.8295779046237526,0.8901935899231177,0.8381466203475899,1.1826746929568417,0.4581284503578582,0.33144343678007765,0.3931028039442932,0.7782977724506502,0.867613228328867,0.8101848191780755
48,0.9928392869863991,0.3796196012733778,0.27532038997748814,0.33789928390350993,0.8330688691260284,0.8895588693487119,0.8435417336912164,1.1639262593131974,0.4496860078527035,0.3269812924301463,0.3872589661180618,0.7825811059996716,0.866820021871629,0.8159752542318034
49,0.9847736809980828,0.37636562711811944,0.2724122089531565,0.3359958359321992,0.8352903857264432,0.8920977455175176,0.8416375722706564,1.176096902270335,0.4561108933987621,0.3285559147036103,0.391430087092659,0.7828983884998286,0.8684064395849244,0.8181169213372672
50,0.980843201624859,0.3735829686615362,0.2722453240155039,0.33501490421879293,0.8340209393567867,0.8898762268741636,0.8422722916155155,1.1597849596706948,0.4447608191729481,0.3271843895825555,0.3878397589195273,0.7863885136460808,0.8663440932031947,0.8150234001571866
51,0.979840125934694,0.3753025740602591,0.2702159129298327,0.3343216479392099,0.837511901399969,0.893684549412626,0.8432243694127155,1.175183189655642,0.45962399357659894,0.32498346869810496,0.39057572595843093,0.7785357354019563,0.8676925530476773,0.8126437692966735
52,0.9723893215980881,0.3714721905394457,0.2701615324874637,0.3307556108477304,0.841002862119024,0.8933671843207325,0.8476674041457496,1.1573464264430562,0.4446630114637019,0.32381692382277943,0.38886648262153206,0.7869437603433457,0.8694376175036899,0.8121678408409948
53,0.9679077663939175,0.36733152028569266,0.26926639059429053,0.33130986261693157,0.8413202138183156,0.8940019011119176,0.8495715635233704,1.160667833058719,0.4499333814298302,0.32597285229454165,0.384761596953849,0.7848020959327854,0.868723725151125,0.8187514889001033
54,0.9650057979100699,0.36631891452974835,0.2675130651020618,0.33117382345181423,0.840050774712443,0.8952713457412925,0.8489368449919037,1.1522713328198342,0.4457353564601135,0.3232380759567578,0.38329790650786477,0.787102401128908,0.8703101439518375,0.8147061135744873
55,0.9587434480319663,0.3638348817749653,0.2630283881353598,0.3318801648803682,0.8438590917274029,0.8971755013356925,0.850841003556132,1.1540045888851134,0.4447235586462235,0.32344326421830033,0.3858377646022192,0.7853573395096358,0.8692789708318912,0.8178789537998973
56,0.9559549496537805,0.3636267346092649,0.26437401987189,0.3279541890154336,0.8400507805386032,0.8936845456294051,0.8473500478498446,1.1432304411589924,0.4403720892179189,0.3210196487066,0.3818387072780106,0.79178234307178,0.8684857614669942,0.817720312068755
57,0.9515444467424098,0.36159736298258743,0.26103194889777126,0.3289151329515246,0.8444938102588696,0.89685814585318,0.8483021214476694,1.1261936725935267,0.433622388104604,0.3156657497116876,0.37690553146770456,0.7962243146405417,0.8719758855092816,0.8197033411544784
58,0.9489464191208564,0.3610531139736968,0.26071166962867537,0.3271816392827889,0.8429070055503688,0.8962234197552716,0.8536972415443452,1.1331841648310514,0.4376594874320254,0.31729451949008064,0.37823016169953994,0.7922582677451381,0.8709447113728366,0.8207345114376843
59,0.9383094156783409,0.35762329344256116,0.2571565408208793,0.3235295889813421,0.8448111687112104,0.8993970212085933,0.8521104376492369,1.12951289682675,0.4355189844681079,0.31792938854641983,0.37606452026629683,0.7905132071423646,0.8698342211696397,0.8234314298264767
60,0.9356547616013116,0.3544629045097989,0.25630420067127985,0.3248876531193726,0.8479847709779246,0.8978102216074407,0.8536972327483566,1.119498502690928,0.43178711096972094,0.31364661156705687,0.3740647796730864,0.7936067244692061,0.8725311339558698,0.8204965513231186
61,0.9307328395448538,0.35137329898687136,0.25487066885283244,0.3244888679219291,0.849571567817326,0.9016185340257873,0.8549666710408367,1.1169956434328097,0.4284265230626915,0.3143673510557883,0.37420176622878365,0.7948758634481176,0.8704687886615574,0.8239073573365752
62,0.9334102547838362,0.3532700199469503,0.2556467818498838,0.32449345628786225,0.8530625209699393,0.9047921287260597,0.8581402750478325,1.1155759198930193,0.43229450440628064,0.31305713096901416,0.3702242888059304,0.7974934561725195,0.8726897729211902,0.8256524188140103
63,0.9331509549819791,0.35177843310991114,0.25728079162110074,0.32409172789591223,0.8559187601876993,0.9006664562285873,0.855284036643465,1.1179601750328831,0.43117989107648474,0.31533447783722546,0.37144580447268144,0.7956690697635186,0.8720552065166898,0.8222416137461338
64,0.9311479220727783,0.34912175464085343,0.25631072444788655,0.3257154443932881,0.8562361186400401,0.9009838175372599,0.849888917776336,1.1191552649730447,0.42875208185771896,0.31735080176453345,0.37305238395941154,0.7974934552269394,0.8686444100299532,0.8223209309712214
65,0.9312022742071971,0.351353816997812,0.2535598776390423,0.3262885762505666,0.8571881989909141,0.8993970153824332,0.8578229082156574,1.1226133019727293,0.43440255448499926,0.31075178177060564,0.37745896454342315,0.7949551852592689,0.8721345265075994,0.8185928469562054
66,0.9183278134118107,0.3468654843520755,0.25130989764539524,0.32015243471520016,0.8549666841307809,0.9032053311678464,0.8530625192296577,1.106480827733982,0.4271968038126376,0.30668608424560856,0.37259793801269664,0.7980487027279474,0.8761005779890667,0.827080195812662
67,0.9187182607593252,0.3441126344507363,0.25224777083856953,0.32235786116376675,0.8562361232366534,0.9016185348391798,0.8581402654384515,1.0983324659478706,0.42232171218259257,0.3079805109134851,0.36803024093581105,0.8007456212585768,0.8736416233553236,0.8249385276906995
68,0.915812603975621,0.3449810004185132,0.2529805265828111,0.31785107128054935,0.854649321497981,0.9016185378090081,0.8575055489499241,1.1157173205114161,0.42830745528689307,0.3119675294114415,0.37544233463110643,0.7962243228505413,0.8734829879595681,0.8245419246866558
69,0.9130247372439914,0.3430548482983879,0.2511992885153924,0.3187706046957926,0.8584576326867809,0.9013011755734465,0.8587749839699181,1.1051457275186531,0.42464322859955184,0.3110717787630658,0.3694307222504955,0.7969382077259313,0.8738795908217749,0.8289839000377381
70,0.9070930764698596,0.3406301251160686,0.2491982786268024,0.31726467129882274,0.8568708325748934,0.9013011805862141,0.8609965076260399,1.0920648915710747,0.4207546976699679,0.3067665985072029,0.36454359893569244,0.8008249392164891,0.8723724874259081,0.8273181575347139
71,0.9098837100979034,0.34278441929166487,0.2516904214154119,0.3154088684639375,0.8540145983509849,0.9006664562285873,0.8606791567401407,1.0997459160550653,0.4235895187468781,0.30810860568496323,0.3680477930498679,0.8024113589627818,0.876259218916466,0.8252558085289994
72,0.8978448503171025,0.33743411032066234,0.24698438560421676,0.3134263416333109,0.8584576380967867,0.9013011785432749,0.8629006678170531,1.0891089431260101,0.41932718279795367,0.30164876349516784,0.3681329946887855,0.8042357414476251,0.8787181736211277,0.825731730365617
73,0.8955192815232224,0.3348296780845015,0.2474877359431269,0.3132018864306145,0.858774995735735,0.9009838192775416,0.8648048263812814,1.059454657702969,0.40921901197997795,0.29369388250990885,0.35654176605809657,0.8097088897768168,0.8784008880549271,0.8319187746878571
74,0.8935199607860017,0.33503696484173795,0.24654479189094608,0.3119381960045153,0.8616312299407274,0.9063789364043889,0.8619485892064607,1.0730816745082912,0.41281315135409263,0.2985785715976374,0.36168994778251445,0.8055841972970316,0.8777663176553505,0.8303323579910604
75,0.9012109331765352,0.336616865058658,0.24709586950000678,0.31749819153378933,0.8597270717926534,0.902887975685334,0.8622659476588015,1.0813014382666237,0.41557432224505236,0.3023694376632225,0.36335769040622196,0.8056635211411802,0.8776076777444499,0.8288252591103389
76,0.8921376475452507,0.33237414334887966,0.2441509974377377,0.31561250486702286,0.8590923558148609,0.9057442178729223,0.8632180274989407,1.0693862195093247,0.41074997357337983,0.297735010893479,0.3609012338604908,0.8093916050852777,0.879194100185646,0.8323947050346961
77,0.8988040670520803,0.3357317454093829,0.24683554416155293,0.31623677889039425,0.8594097150805942,0.9028879748719414,0.867026345838028,1.0845673079531133,0.4165451764809846,0.3023808568389824,0.36564128313509375,0.803918455810506,0.8769731111981124,0.8293011857457757
78,0.8831567582309303,0.3280037563307177,0.24315119591715675,0.3120018059830558,0.8629006670036606,0.9070136491096954,0.8638527418310322,1.0710349405956956,0.4109120360400019,0.298286269937413,0.36183664099267293,0.8058221591609205,0.8792734174107336,0.8328706250510719
79,0.8783817926084228,0.32745899268083445,0.24101295096841702,0.3099098489591713,0.8594097158939866,0.9092351660127679,0.8654395411295271,1.0699385447185177,0.4117361681664823,0.29923611237299835,0.35896627266443704,0.805187598288064,0.8806218750803819,0.8331085888061212
80,0.8801140488045286,0.328171149194146,0.24432479463203186,0.3076181035501849,0.8622659492855865,0.9025706214323682,0.8641701053907213,1.066416083712066,0.4107364166489277,0.29752498894676943,0.35815467644505605,0.8109780304341329,0.8768144654718939,0.8323947060511947
81,0.8736745066129756,0.32681583786003177,0.2418029993460391,0.3050556727266811,0.8578229195653201,0.9051094972985164,0.8679784236352279,1.0583221515949555,0.40518158283479117,0.29634328807639954,0.35679727688903345,0.8149440763839564,0.8785595308025681,0.837153966093816
82,0.8787775141063171,0.326541148700702,0.2442141661413962,0.3080222110962421,0.8578229187519276,0.9044747770267682,0.8701999389115155,1.0560116233063168,0.40714531539546855,0.2915035182604392,0.357362780196676,0.8093916079929367,0.8809391627504983,0.8313635291489279
83,0.8730291092596293,0.3260867289988361,0.24241163024294002,0.30453075239182426,0.8603617941073409,0.9047921325092806,0.8698825784162354,1.0577564498496357,0.4076593152270344,0.29038889152615815,0.35970824689531133,0.8135163022929637,0.8822082975924965,0.8336638390729512
84,0.8736035387616655,0.3253982451577975,0.24268422826476718,0.3055210719597374,0.8578229157820992,0.9051094947448423,0.8689305018485822,1.0665666288942597,0.41328393456067275,0.2992473951984645,0.35403529655132476,0.8079638273538015,0.8764971855082557,0.8316014939204758
85,0.8739874226371284,0.32585537956654553,0.2449713854213171,0.3031606566845444,0.8575055565163658,0.9035226934034081,0.8708346562134354,1.064713791926431,0.4045837525146244,0.3014877432115282,0.3586422990701139,0.8126437674055133,0.8770524292269432,0.8330292716519521
86,0.8711092415328103,0.32530248346725216,0.24315712099906112,0.3026496299824159,0.8606791483603066,0.9044747757972214,0.8695652203800488,1.0569804298269707,0.4067400278098201,0.29346085997908405,0.3567795463138619,0.8124058073618661,0.8810977951676762,0.8346156875450057
87,0.8688213880082533,0.32423808232484186,0.24139877253394398,0.3031845288838859,0.862583304768099,0.9082830882155679,0.8676610597728813,1.0587535230516016,0.40697364411356335,0.29765156080231675,0.3541283181522692,0.8087570414465992,0.8791940973489056,0.8359641473185697
88,0.8657336452959908,0.32303189609929217,0.2411045982833137,0.30159713815447264,0.8616312261575065,0.9066962918869014,0.8673437080735897,1.0535424498115287,0.4017445410688891,0.29256551902458405,0.3592323859398717,0.8134369785197335,0.8814150826959556,0.832156739459405
89,0.8601392606673487,0.32184764996327053,0.23913088210118608,0.2991607442181362,0.8616312253441141,0.9086004466679088,0.8714693759744487,1.0573668311606166,0.4084811779386965,0.2941463370790109,0.35473931400708014,0.8152613592552536,0.8824462557449834,0.8317601347769565
90,0.859820411644902,0.322023742380917,0.23894321972398447,0.298853449076556,0.8597270667798858,0.9079657327330555,0.8682957820875687,1.0503142225455828,0.40471066552839813,0.29458927911771055,0.3510142757719189,0.8107400648588419,0.8811771188699878,0.8349329721656261
91,0.8536252844753586,0.3180581785428717,0.23861634986660132,0.2969507560658856,0.8603617916482473,0.9101872455502494,0.8714693785281228,1.0411944842276153,0.3996256158314926,0.2904257093287104,0.3511431574291947,0.8157372848741917,0.8810977988790784,0.8381851325237828
92,0.8404359028135848,0.3131729268963395,0.23413556869996233,0.2931273949218152,0.8619485892064607,0.9117740477050762,0.8727388118078352,1.0383679713323113,0.39812143562219615,0.2877848171938172,0.3524617227879563,0.8162925341245231,0.8849845294949745,0.8347743293470665
93,0.8466289211023198,0.3156904629566147,0.23820887423250192,0.29272958248503733,0.8616312337239482,0.9057442140897014,0.870834661226203,1.0284472170768348,0.39318198031103374,0.2891674772575125,0.3460977658744069,0.8204172295828858,0.8834774279902681,0.839057669515149
94,0.8434731431213193,0.3123607306830734,0.2361974427715932,0.29491497487803936,0.8651221864604072,0.9117740422950703,0.8740082572506027,1.0380901293939155,0.3999785541426684,0.2905607739702946,0.34755080507154684,0.8167684579232195,0.8848258876929136,0.8378678507399028
95,0.8446708017778715,0.3137331279600586,0.2349615507430782,0.29597612826720526,0.8686131405399096,0.9095525274349371,0.8752776897169227,1.0497074183081052,0.4035999072248612,0.29509065908411547,0.3510168474828014,0.8170857482173209,0.881256445550877,0.8363607500389394
96,0.8450520216416118,0.31338362542836107,0.23669138459961062,0.29497701632375,0.864804825567889,0.9057442132763089,0.8784512949534652,1.0396955799335925,0.3950162124858837,0.2899654705168717,0.3547139082695251,0.8143095155110998,0.8821289747648465,0.8345363694452564
97,0.8404658463068593,0.3126196731313453,0.23435952466883306,0.2934866485066809,0.8673437000909937,0.9098698867006705,0.8784512891273051,1.0451835820835078,0.4002408010165149,0.28974116964857727,0.3552016149436566,0.8151820402099241,0.8863329845406378,0.8381058154405322
98,0.8416534328944946,0.31284901411788346,0.23547625570061168,0.29332816259363875,0.8644874583195595,0.9051094917750139,0.8781339310911185,1.0400822134166212,0.400415294415474,0.28967287621909343,0.3499940392485389,0.8154200049105536,0.8817323711698152,0.8407234110016746
99,0.8339184482526643,0.3104753652306747,0.2318360390586726,0.2916070264564624,0.8632180270827865,0.913043483954617,0.8781339319045111,1.0241604647402287,0.3933190640510949,0.2850319729823753,0.3458094295813713,0.8185135268943773,0.8864916299831823,0.8407234091105144
100,0.8331775917813196,0.3107055597496729,0.2328356763401776,0.28963636468607673,0.8663916240340753,0.9105046068589221,0.8778165688555568,1.0268014583086866,0.38950614239587616,0.2924182842458052,0.3448770288468126,0.8197033409417229,0.881256442643218,0.8432616847516657
101,0.8268424576708189,0.3089668331109165,0.23054036987996865,0.2873352546799338,0.8629006703707273,0.9133608432203503,0.8755950502122027,1.0322580182638386,0.39457891873783074,0.292902392310193,0.3447767008827918,0.8170064272808312,0.8809391588263407,0.8418339030960318
102,0.8292134642336187,0.30979638432026363,0.23251266079038257,0.2869044266894143,0.8692478586552219,0.912091406157417,0.8755950565490976,1.0288998869226238,0.39775526212494217,0.28520537374692306,0.34593924802726594,0.8152613600589966,0.8858570645242619,0.8384230962079136
103,0.8271890826090598,0.307909670594154,0.23012699512631807,0.2891524055389252,0.867026344211243,0.9136782016726911,0.8781339273078976,1.0151962415642692,0.39050628236721235,0.2823947129697683,0.34229525001788297,0.8225588946553521,0.8860156998490989,0.8427857571706486
104,0.8233325384942662,0.30769690988518555,0.22806617042557545,0.2875694662133916,0.8682957791177404,0.911139328360217,0.8784512903568519,1.0308543493890117,0.3966538064897491,0.2880860337553314,0.34611450820662476,0.8177203167966557,0.88339810792844,0.8408820509834937
105,0.8201873397796883,0.3041975534991286,0.2285082169144315,0.28748157125773866,0.869565222933723,0.9117740422950703,0.8778165688555568,1.0123592021870578,0.3879700963305398,0.2831871056802316,0.341201990471679,0.823669390815704,0.8849052076838232,0.8422305060291571
106,0.8194649565110166,0.30349409161239,0.22961855705523634,0.2863523135182215,0.8692478586552219,0.9108219653112629,0.8825769616247775,1.0171017773591848,0.3890284361821423,0.2834764576231229,0.3445968771516033,0.8208931532397451,0.8864123054771275,0.8381058125328732
107,0.8159526821470608,0.3033764717957967,0.2270506801245062,0.2855255335276182,0.8724214571387152,0.9127261246888837,0.8803554442109701,1.0259258137107075,0.3948438207049993,0.286303724756888,0.34477826944424045,0.8199413066588509,0.8830808280357203,0.8409613709034848
108,0.8247434846638347,0.30566538786630865,0.23149282337937496,0.28758525969451737,0.8717867289978676,0.9098698845442346,0.8813075225189049,1.017873599450405,0.3900800936306422,0.28719946484505404,0.3405940390752746,0.82247957669744,0.8822082986089952,0.8421511849508303
109,0.8231112471046012,0.30612705047831995,0.22851281895670805,0.2884713838267652,0.8654395457261406,0.9136782062693045,0.8825769608113849,1.0163283160953185,0.38826034754748723,0.28223894757169976,0.34582902310368674,0.8241453181839655,0.8832394698377812,0.8375505706344275
110,0.8149012218615775,0.30110680775126364,0.22623971949225946,0.2875546922629994,0.8682957778881936,0.9127261246888837,0.8825769595818382,1.0162056355148452,0.38783529855413157,0.28337953154045237,0.34499081132186343,0.824541920100592,0.8878400861162627,0.844848101519381
111,0.8162032350287745,0.30152055569127867,0.2263965708930997,0.28828609709473346,0.8749603304511894,0.9133608432203503,0.8813075271155183,1.0219978370115799,0.39268018750315326,0.2850531209769952,0.3442645276189465,0.8208931541144068,0.8838740326017981,0.8423098276110051
112,0.8178725861928002,0.3025563601292114,0.22624210843545073,0.2890741200021092,0.8749603304511894,0.9155823584966378,0.8803554505478651,1.0185434039866244,0.39123318175391275,0.28481679205437943,0.34249343418050004,0.8216070397060736,0.8881573706659647,0.8436582856517936
113,0.8176360904357048,0.30345133382984285,0.2280152092014786,0.28616954408460704,0.8682957866841822,0.9098698912972838,0.8794033681540518,1.0226925603742214,0.3934386276187966,0.2854855137453059,0.34376841994742524,0.8174823502048659,0.8862536645497282,0.8437376047680415
114,0.8053022469463367,0.29917552264218705,0.22388464101758393,0.28224207763065046,0.8727388164044486,0.9130434851841638,0.8822596053288725,1.02170536068379,0.3914956181704823,0.2877960888366161,0.3424136482644272,0.8195446963738401,0.8850638485403038,0.8418339050581106
115,0.7995803340659449,0.2964134410104083,0.22292957732277194,0.2802373289740377,0.8733735303393019,0.9162170808113254,0.8838464016575391,0.9918803475023573,0.37553833724202934,0.28338651068197174,0.33295549697801086,0.8277940832245706,0.8842706363386664,0.8488934749538367
116,0.7942551983912307,0.2938201735886798,0.22128738120070565,0.2791476516317315,0.8759124086645436,0.9165344408904511,0.878451286573631,1.00562570661843,0.3831793836374026,0.2837506941183332,0.33869563456099655,0.8245419238119942,0.8847465685766657,0.8441342056681694
117,0.8045637104027765,0.29836596721166736,0.22430971413330592,0.28188802481113784,0.8692478590713762,0.9149476399651711,0.8825769582577109,1.0007820605919648,0.38465696171917774,0.2820313220702279,0.33409377845318755,0.8246212429991606,0.8864916291794391,0.8474656962058618
118,0.7967296377964074,0.29568047238432843,0.2203999594331582,0.28064921306300183,0.8755950502122027,0.9181212372191176,0.8797207248661111,1.0093351196994995,0.38449128598691057,0.2827624939727804,0.34208134562072606,0.8247798855174985,0.8857777408219504,0.844610139655492
119,0.7994683769459726,0.29543172042924465,0.2217099076838616,0.2823267452813678,0.8730561710735686,0.9133608461901787,0.880990169495486,1.0140427768282445,0.3916890015470298,0.2864562219700702,0.3358975407697968,0.8227968613180604,0.8811771246143872,0.8465138413275017
120,0.787354907963776,0.2920243245898561,0.21841029806747697,0.2769202883755809,0.8762297637309017,0.9155823630932511,0.8851158323835774,0.9903451122318128,0.3763769521790416,0.27743591339949186,0.3365322475905856,0.8281113669705294,0.886491630999681,0.8448481063891187
121,0.7906470528408597,0.29337608312016933,0.2212021231783719,0.27606884418726346,0.8765471275932484,0.9152650038275179,0.8863852816095658,1.009082661292891,0.38807404829076747,0.28103768062506923,0.33997093072642587,0.8216070398479107,0.8863329873773782,0.8413579775480121
122,0.7917289935154069,0.29405223993186685,0.2204090586279128,0.2772677081779842,0.8768644885992634,0.912726129285497,0.8857505592948783,1.0016293528721658,0.37962743917473757,0.2836627885563345,0.33833912587510023,0.8285872945515464,0.8856191017857113,0.8426271143520891
123,0.7935233881117162,0.2949829250999724,0.21917388183148995,0.27936656817070304,0.8743256073231094,0.9136782016726911,0.8863852783370797,0.9995518949660263,0.38342909194234154,0.28088315594458246,0.33523964375302406,0.8250178494309324,0.8826842250316765,0.8438962504233415
124,0.7998902647505106,0.2974609891050243,0.22463196478204778,0.27779729856797075,0.8740082538835362,0.9117740397413963,0.8886067914569313,0.9944219240881671,0.38007690657222454,0.28031069243125406,0.33403432935634686,0.8286666163626978,0.8865709482956871,0.8451653843197596
125,0.7889943006718889,0.2925071484113413,0.21945256047761846,0.2770345898913187,0.87813392229513,0.9133608406666762,0.8898762289360189,1.0010935404757026,0.3820375026719107,0.28365399147314946,0.3354020510750909,0.8266835891681347,0.8860950207146701,0.8443721740802009
126,0.7818370224823463,0.2899781019583236,0.21780380878570307,0.2740551082057372,0.8771818482811509,0.9178038771399919,0.8901935919849732,0.994327070257841,0.3832424210950802,0.275759136140408,0.33532551179900844,0.8259696979029869,0.8880780498003935,0.8455619899477883
127,0.7808862013576221,0.2893801487199619,0.21549050997492247,0.27601553745135093,0.8762297687436694,0.9187559595338052,0.8914630248485312,0.988966683737394,0.3770442968192312,0.2770857293174431,0.3348366514213535,0.8277940803878302,0.8895058313851089,0.8466724859663031
128,0.7785469013636016,0.2897237696957112,0.21562633695809738,0.27319678949840637,0.8752776901330769,0.9209774697973251,0.8860679185606116,0.9824282362959033,0.37970413536275416,0.27236055652911995,0.3303635434749967,0.8295391465222475,0.8895851494848581,0.8487348321352771
129,0.7835296581791,0.2907480502442608,0.2197770149187223,0.2730045882870908,0.8768644910583568,0.9162170816247178,0.8879720708825255,0.9842812799391857,0.3761262099992239,0.27359320147625943,0.3345618684843869,0.8292218629181257,0.8887919401908796,0.8473070514961418
130,0.7843936177444095,0.29232877304689425,0.21930743519823273,0.2727574061984223,0.8765471267798559,0.916534444673672,0.8908283059198264,0.9840097773710533,0.3727607688246536,0.27288549094021136,0.338363514769448,0.8310462435827273,0.8869675558148761,0.8430237182307945
131,0.7788610095563142,0.2912275416440186,0.21520539538911773,0.2724280689716793,0.8774992058066027,0.9190733200290853,0.8873373548101524,0.9992404302919451,0.3817974470429902,0.2787566520820349,0.33868632785738945,0.8276354385148508,0.8864916263426987,0.847307052441722
132,0.7794658786264611,0.2895059954104292,0.2170603328689777,0.27289955270210925,0.8768644814489759,0.9184386002680719,0.8851158323835774,0.9783235069184354,0.3753793944724444,0.2751138924844956,0.3278302254006497,0.8302530313101713,0.8879194061071723,0.8517490315751249
133,0.7691827212693539,0.28478534914073167,0.21450079717888829,0.26989658085628754,0.8806727984639359,0.9206601151282051,0.8882894326073524,0.9881569343128751,0.37640183671399985,0.27819066808576803,0.33356443709429606,0.8314428547423998,0.8857777388598715,0.8501626109541706
134,0.7840542573090471,0.29228086309446605,0.21930851944095936,0.2724648743101772,0.878451286573631,0.9174865199171979,0.8911456743787864,0.9970270848684613,0.3852560568160312,0.2764150962036154,0.3353559306254704,0.8261283405797094,0.887681445117945,0.8474656941563168
135,0.7746149290179268,0.28586858118934805,0.2152613461282434,0.27348501374516476,0.8813075207786233,0.9203427570920186,0.8905109436842646,0.9713301945141156,0.3699359704410944,0.27246866925358254,0.3289255536457374,0.831046245402969,0.8900610732126361,0.8462758812838546
136,0.7783596463825392,0.2869054696855754,0.2189033411961062,0.2725508397664391,0.8803554371552632,0.9171691586085252,0.8917803883136397,0.9948038658625243,0.3840353560668013,0.27318184701349824,0.33758666373607876,0.8239866745616629,0.8866502720689172,0.8450067461581823
137,0.7748041090720118,0.28494078732887473,0.21666144516989375,0.2732018711301343,0.8806727984639359,0.9184385977143978,0.8882894334207448,0.9879214659343867,0.375821609429745,0.27683875789496337,0.33526109935195875,0.8295391437564256,0.8850638523226245,0.8461965592599476
138,0.7742705949712503,0.2849004812862562,0.21652724209644422,0.27284286734188445,0.8832116705468631,0.9209774756234852,0.8892415066213314,0.9791958127249107,0.37352754623513396,0.2717318544495992,0.33393641747726344,0.8282700106637506,0.8876021184370558,0.8460379194199656
139,0.769196046302902,0.28233510834173486,0.21357055528131375,0.2732903829115756,0.8806727984639359,0.9203427570920186,0.8863852732297316,0.9719814444605701,0.3702210687461981,0.27241982844669793,0.3293405454013353,0.8351709359206754,0.8902990379132655,0.8512731039941079
140,0.7676763947673617,0.28275111529967856,0.21334387883614903,0.27158139376025925,0.8809901577296692,0.9200253940430644,0.8886067918730857,0.9785935348945104,0.3758010853052688,0.2720275427524109,0.3307649004293432,0.8304910015424446,0.8906163225338859,0.8466724832004812
141,0.7669305626606797,0.28282188746861825,0.21334325869058435,0.2707654084526747,0.8822595947926024,0.9190733187995386,0.8908283067332189,0.9661944757169212,0.37131878972630333,0.26924827671844365,0.3256274092804481,0.8306496369381999,0.8905369979569127,0.851986993439014
142,0.7615457445770852,0.2835804304975209,0.20876942215571892,0.2691958883723468,0.8828943208905108,0.9219295488240719,0.8917803883136397,0.9673183421087442,0.368132254625753,0.26724115973840085,0.3319449345834989,0.8383437770916656,0.8938684809299637,0.8515903907186442
143,0.7566829496472648,0.2804307868483709,0.20942539151170375,0.2668267668088025,0.8800380791190767,0.9212948348892185,0.8920977467659805,0.9755316053344963,0.3744577880920119,0.2688614257035195,0.33221239772660505,0.8302530321848329,0.8884746535372618,0.8491314379051428
144,0.7571077661187412,0.2795124564311573,0.21097732499189809,0.2666179851780464,0.8819422347134765,0.9212948348892185,0.8940019061436013,0.9753902561792991,0.3725348807699364,0.269020156224047,0.33383522626475604,0.830173713068585,0.8924407051605663,0.8434203200055841
145,0.7573321138779651,0.27977177247721896,0.21167552394550665,0.26588482052437734,0.8879720683288513,0.918121240188946,0.8933671884255272,0.967860868724718,0.369509236129599,0.26933577307826834,0.3290158616526798,0.8332672335158411,0.8923613840822395,0.8481002637686978
146,0.7586378015173462,0.28096717358184065,0.2114070085864792,0.2662636318762164,0.8857505496854973,0.9197080373310051,0.8914630240351388,0.9732725367232528,0.3731260893034162,0.26989931827439867,0.33024712956858504,0.8316808127530496,0.893154593376218,0.8502419337818206
147,0.7552318294931313,0.27969350236175705,0.211914800540185,0.2636235365316021,0.8889241469394438,0.9158997139791503,0.8943192624395062,0.9744801760391211,0.372830780732591,0.27365505742681123,0.32799434473931177,0.8300943913283522,0.8880780508168922,0.8499246471991213
148,0.7494428481650103,0.27918417590529304,0.20664135441633302,0.263617319252634,0.8854331924627032,0.9203427550490793,0.8924150992786646,0.9741672700644958,0.3723641020707781,0.27183729048309807,0.3299658697054465,0.8299357465477138,0.8906163188934023,0.8504798966622082
149,0.7500667809229433,0.28011233144168135,0.2086546506551817,0.26129979811199733,0.883846391121269,0.9206601113449843,0.8924151076584989,0.9720249090261271,0.3736228694195334,0.26937506258596444,0.32902697843072565,0.8324740250965241,0.891568174788261,0.8498453253170515
150,0.7575009497185806,0.28494627884893864,0.20823591634494015,0.264318767051892,0.8863852702599032,0.9200253920001251,0.8920977467659805,0.9714058636720717,0.3720435241457869,0.2701012482446305,0.3292610891499621,0.8334258781546424,0.8914888529771097,0.848893471171516
151,0.7478031909340943,0.27973980604372717,0.2053664793564531,0.2626969119039122,0.8841637541702232,0.9231989884406792,0.892732454761177,0.9653007361969638,0.370542946651234,0.26835271980052916,0.3264050747094964,0.8360434692006395,0.8927579907976854,0.8519076743936845
152,0.7518075721599079,0.279459705223397,0.20940417952667678,0.2629436855182236,0.8787686378567683,0.9193906734686584,0.8895588667004573,0.9765766540299496,0.3738280506826009,0.27106267754456864,0.3316859187274767,0.8282700126258294,0.8902990379132655,0.8469104506669325
153,0.7476292578465066,0.2770238017248979,0.20801532312977014,0.2625901249619523,0.8867026245128689,0.9238337090150851,0.8914630168848513,0.9636243743324219,0.3677102211761448,0.2692516913496125,0.3266624618108015,0.8312842063212779,0.891964779541628,0.851035142272056
154,0.7506898537926052,0.2789446296899215,0.2089700769409608,0.26277513675786546,0.8857505504988897,0.9197080385605519,0.8914630222948571,0.9649201655563756,0.370792322110778,0.2678464589786915,0.32628138419741576,0.8300150749779261,0.8921234222183506,0.8504005727471411
155,0.7519188860945004,0.2809594149477555,0.208671930280045,0.2622875418125051,0.8886067838904896,0.9228816312178851,0.8914630252646855,0.9767152081022296,0.37591277738864526,0.2711532736295957,0.3296491546952168,0.830966922575319,0.8913302101585502,0.8497660062008036
156,0.7527669495871921,0.28097169847005665,0.21057564963124661,0.26121959486525237,0.8860679077216839,0.9193906755115978,0.8940019002039445,0.9740007781884081,0.3747044849771147,0.2666101493582601,0.3326861473824112,0.8278734040901419,0.8924407051605663,0.8443721769169413
157,0.746496404250135,0.27804568612322056,0.20823894014569624,0.26021177821294045,0.8867026282960897,0.9216121979381727,0.8940019031737729,0.9664327025063648,0.3684249730598844,0.26912310800573547,0.32888462807635366,0.8345363712654982,0.8946616913113594,0.8514317478291661
158,0.7470901088841716,0.27957157628455265,0.2082102207466369,0.2593083137445925,0.8841637503870023,0.9216121941549519,0.8955886919359978,0.9599959769558735,0.3671859799609968,0.271220173081276,0.3215898236441104,0.8365987156142305,0.889902430323158,0.8538113757820202
159,0.7425753590947899,0.27727532495547386,0.20700219793287167,0.258297833600751,0.8895588579044688,0.9228816312178851,0.8955886919359978,0.9715410499424487,0.37344168861180677,0.2712927028918575,0.3268066612424296,0.8295391456475859,0.8907749635322038,0.8526215609309316
160,0.7390381399694604,0.2780588986343219,0.20379377404533466,0.2571854609008896,0.8882894238113638,0.9235163477064124,0.8940018993905521,0.9498121697111985,0.36396930091177015,0.26762620198393455,0.31821666683100724,0.8356468644472725,0.8910129283037517,0.8565876087009968
161,0.7383683511318763,0.27640696661088704,0.2040210711893601,0.2579403067109926,0.8873373480571032,0.9235163477064124,0.8946366179220187,0.9599074473074296,0.36554140204279617,0.2676863135410791,0.32667973830952013,0.8358848244200012,0.8938684828211241,0.8521456362575734
162,0.7378340839620848,0.2770630816492494,0.20362624892050485,0.25714475528394104,0.8908282991667772,0.9228816304044927,0.896223421817127,0.9557295697785165,0.3666196736755554,0.26747283550128403,0.32163706697606925,0.8354882196666342,0.8939478038285322,0.8523835963012206
163,0.7379325897645965,0.276720580847367,0.20465363035766482,0.25655837052967845,0.8959060587681729,0.9219295534206852,0.8981275765981345,0.9661985406643376,0.37084379041304605,0.26911638499173846,0.32623837069250206,0.8320774156861749,0.8908542835940317,0.8520663153210838
164,0.7406008394700465,0.2774705479955416,0.20553550103360682,0.2575947977567014,0.8895588629172364,0.9190733187995386,0.8952713356400929,0.9596944837648863,0.3650238979166057,0.2674607522304009,0.3272098281849307,0.8358848273276602,0.8920441013527795,0.8497660052552234
165,0.7299118705947449,0.27268694891168443,0.20270932879345033,0.25451560518507804,0.887972065359023,0.9219295534206852,0.9000317317763801,0.9398739904134537,0.3589370085650889,0.2597707219583203,0.32116626409551213,0.8367573592199855,0.8953755825765072,0.8515903848324078
166,0.7303090743396593,0.27314405085093935,0.2031710106525978,0.2539940024322648,0.8870199905316514,0.9257378637960925,0.8987622913463802,0.9479130988855937,0.36165448873135914,0.2690625724065708,0.31719603513077077,0.8381851410340041,0.8899817579496273,0.8557150783996101
167,0.7312576525062275,0.27342442376997234,0.2026871009899752,0.255146135544444,0.891463026078078,0.9254205053437516,0.8952713356400929,0.9625884321529841,0.367544906370639,0.2697712628780599,0.32527226242735807,0.8339017991875168,0.8908542835940317,0.8500832862353603
168,0.7300771503779896,0.27433484212930753,0.2004992831409715,0.2552430265358765,0.8905109432681104,0.9241510674674259,0.8984449320806469,0.9692155889244228,0.37387072687070755,0.267389909932887,0.32795495754964027,0.8298564294644633,0.8919647794707095,0.8538113797770963
169,0.7314414354930867,0.2760052469014289,0.20099947040457833,0.25443671795535716,0.8863852648498973,0.923198989670226,0.9003490914582677,0.9550660821195729,0.3676432796130525,0.26466232932293793,0.32276047791148327,0.8318394517018225,0.8950582988305484,0.851749025901644
170,0.7235129745715537,0.2703120895735009,0.19959544287110767,0.2536054362203915,0.8889241423428305,0.9241510674674259,0.9000317321925343,0.940511125316228,0.3564181725554475,0.26596119663199924,0.31813175945072253,0.8411993338547908,0.892995950770414,0.8598397747326344
171,0.7199306220941716,0.26848790948540774,0.1998779736494723,0.2515647441706783,0.8895588591340154,0.9260552238752183,0.8978102097659594,0.9520654415568003,0.3672818417939469,0.2668277111979757,0.31795589304810956,0.8344570514164257,0.8955342243785681,0.8542873025592941
172,0.7211036117483192,0.2693304956120107,0.1995977457838564,0.25217537201234025,0.8901935852319238,0.9231989867003976,0.8981275660618643,0.9488045460521404,0.3628320133453453,0.25980821475617105,0.3261643148774886,0.8369953175308571,0.8943444047995787,0.8487348341682744
173,0.7218035257305278,0.2696620614017543,0.19970091151192393,0.2524405544767377,0.8905109444976572,0.9247857889687209,0.8962234142506853,0.9543013762896319,0.3707129595663977,0.26362643628530047,0.31996198018499095,0.8350916169462645,0.8941857675835815,0.8545252653687632
174,0.7235423993852471,0.2691281429077852,0.20339880899772383,0.25101544275071197,0.8901935907554264,0.9238337082016925,0.9000317266690319,0.9532114168181525,0.36683917229744994,0.2686287448894044,0.3177435041331461,0.8333465545232492,0.8891092229912583,0.8566669334907256
175,0.7284914324564314,0.27313919788653873,0.20024030723484007,0.2551119271033304,0.8886067834932514,0.9212948348892185,0.8959060549849519,0.9549412181377979,0.3649470000629375,0.26791624362530464,0.32207797658952175,0.8359641491388116,0.8919647776504678,0.8558737260169889
176,0.7236014192386568,0.2693123723147067,0.20133509237457556,0.25295395288948636,0.8901935852319238,0.9212948348892185,0.8993970060946259,0.9489079742756164,0.363815460127446,0.26425027534775797,0.32084223337987416,0.8359641481932314,0.892837310788595,0.8531768103230999
177,0.7233685546169505,0.2696256104753873,0.1988551992437114,0.2548877456119347,0.8924150992786646,0.9251031414814049,0.9000317266690319,0.9593841888396417,0.3699725897746469,0.2654423488695105,0.3239692518502495,0.8353295779354918,0.8923613832784965,0.8546045872508331
178,0.7250415600129287,0.27014148342669936,0.20174510610534893,0.2531549614862728,0.8914630185116362,0.9231989904836184,0.9000317220724185,0.9572100202863464,0.36075873508785833,0.2707989225720323,0.32565235863256164,0.8371539698052182,0.8914888557429317,0.852304281841955
179,0.7265395809642401,0.27174284219533745,0.20265143243841277,0.25214530420715714,0.8940018947939387,0.9235163451527384,0.8968581327821519,0.9374467112254574,0.3622180049360021,0.25938550644837355,0.31584320196036336,0.8365987100116681,0.8966447193805842,0.8598397718958939
180,0.7234605274590867,0.27224266214130116,0.19921996939829212,0.2519978959194935,0.8873373510269316,0.9276420223603208,0.8997143691435802,0.9487108091174483,0.3609066521411299,0.2710047930436499,0.3167993622861771,0.8393749502116119,0.8913302101585502,0.8575394672742113
181,0.7267639366682277,0.2727431279540024,0.19909827373815467,0.2549225274096289,0.893684538895272,0.9231989942668393,0.8984449245142051,0.9489849776140692,0.36502829807277637,0.26386332065588025,0.3200933536516265,0.8341397627298106,0.8948203350045807,0.8554771203180417
182,0.717033404598006,0.2674630744396335,0.19938030461117184,0.25019002058645234,0.8940019002039445,0.9231989888568335,0.9028879676270735,0.9414108598923489,0.35991973585052534,0.264162653430255,0.3173284745971888,0.8399301997456172,0.8910922463325823,0.8570635390478358
183,0.7201316688636566,0.2681427307259049,0.19971817781984977,0.2522707491999617,0.891780376963977,0.9257378629827,0.8974928525431654,0.9522055480731151,0.36275984463763955,0.26509865445562164,0.3243470421471508,0.8381058125328732,0.8932339135798831,0.8515903878109853
184,0.7223140441474745,0.2690243708523672,0.19942595649147668,0.25386371278868747,0.8927324577310054,0.9219295480106793,0.8981275748578529,0.9408788427709351,0.3626784240617016,0.26343128146214984,0.314769135113323,0.8377092059592643,0.8944237323551294,0.8597604527087275
185,0.7210884797160718,0.2697036551629048,0.19800285020827188,0.25338198050208716,0.886067907210949,0.9228816304044927,0.9003490859347651,0.9442072879117326,0.3597220583013854,0.2616765124830727,0.3228087116819148,0.8402474835624946,0.8952962653514196,0.8561116850441374
186,0.711500183320053,0.26466382762357493,0.19612017627634043,0.25071617990249834,0.8940019002039445,0.9244684267331592,0.9000317258556394,0.9448530346242633,0.36167012424900935,0.2620933613781794,0.32108954944504314,0.8343777275013585,0.8961687929579029,0.8530974894575287
187,0.7110959499346117,0.26662684421866933,0.1952698104667573,0.24919929312585234,0.8930498207799596,0.9244684275465517,0.9000317208428718,0.9506550065855717,0.3652058716358395,0.264867888654362,0.3205812552742447,0.8346156895070845,0.8952169407744464,0.8556357575340389
188,0.7066380635249127,0.2632418261874634,0.19557759071656236,0.24781864615744237,0.8959060541715594,0.9241510674674259,0.9054268434932216,0.9342643577971012,0.361953613662489,0.2548017730756009,0.3175089668204482,0.8406440862828642,0.8980724954336557,0.8562703268461983
189,0.7118041700160681,0.2657105988574308,0.1962599622866571,0.2498336081578973,0.8940018947939387,0.9247857868122851,0.9003490889045935,0.9447789169316667,0.3602931723536418,0.2622858321363186,0.322199914316319,0.8380264924001266,0.894344406548902,0.8558737211472511
190,0.7103439116432567,0.26562943610075124,0.1951038054542593,0.24961067458555003,0.8895588621038438,0.9254205045303592,0.9022532520654352,0.9351187436635691,0.35959661155383577,0.2572363552911395,0.318285781766342,0.8331879078514506,0.8967240384259136,0.8580153902147937
191,0.7108040466379718,0.2662452347304699,0.19481388291492419,0.24974492970666065,0.890510942454718,0.9270073054556391,0.9016185323044218,0.9472893927397921,0.36162591289616297,0.26395416090152185,0.32170931634383026,0.8374712470030344,0.8948996579740677,0.8538906978768456
192,0.7095464088545266,0.26561941395143374,0.1951387888928967,0.2487882071877237,0.8940019039871654,0.92605523144166,0.9025706101016218,0.9390067338962393,0.36085313714126427,0.259078793922083,0.3190748026626876,0.8375505685848825,0.8956928644313057,0.8548425451905644
193,0.7099134537274026,0.2655933787664963,0.19592628414027088,0.24839380004696526,0.8974928542834469,0.9241510700211,0.9038400509477759,0.9446076673879644,0.3618253191277483,0.26358001570617634,0.3192023254870101,0.8363607490224407,0.8959308329851743,0.8566669306539851
194,0.7100734386660492,0.2657475439291914,0.1945702798241322,0.2497556177501412,0.897810213133026,0.9260552256154999,0.9025706045781193,0.9519429475960255,0.3628686659987784,0.2635493749260496,0.3255249019432968,0.8378678515436458,0.8942650922314733,0.8540493415700667
195,0.7055855626077813,0.2624822214023532,0.19512402618339955,0.24797931975105458,0.8981275698450851,0.9266899403637456,0.9022532432694467,0.9556673547415386,0.3668112715816596,0.2659519051717352,0.3229041763251047,0.8381058162442753,0.8945030514004588,0.8525422426893453
196,0.6991849023173704,0.26009899595358077,0.1929314781922607,0.2461544213191701,0.8949539817843654,0.9285940980010848,0.9038400479779475,0.9258323723653159,0.35346461135748974,0.25638878931217307,0.31597897099060496,0.8383437761460855,0.8963274329397221,0.8576187864070068
197,0.7026612337563992,0.26124148047167095,0.19473856822323019,0.24668117701269565,0.8990796560221194,0.9270073034126999,0.9016185305641402,0.924839828681386,0.35100267737562524,0.26113789667904097,0.31269926051177427,0.8405647643298759,0.8958515101575243,0.8577774255141644
198,0.7046929573642001,0.26377865667382483,0.19353220268719842,0.24738209375651138,0.8949539817843654,0.9270073080093132,0.9035226891283685,0.9239917469977803,0.35508503901326816,0.257001255580168,0.311905449119635,0.8427857525136664,0.8946616922569396,0.857142859913407
199,0.699583263481961,0.2618748637106032,0.1935210233830301,0.2441873827772419,0.8952713402367062,0.928911461050039,0.9038400479779475,0.9435034711411804,0.36390098215019406,0.262567266072489,0.3170352200652092,0.8385817428797122,0.8955342264115654,0.8590465625309969
200,0.7002709683483648,0.26108500482978536,0.19479116429528975,0.2443947989915674,0.897810213133026,0.9247857847693457,0.9019358852332602,0.9296305001826879,0.35570154614652605,0.26351497912185656,0.3104139654833253,0.8395335950631687,0.8951376188214579,0.8607916248830936
201,0.6967618884982778,0.25843108766743283,0.1917453205933536,0.24658548093265822,0.8981275786410737,0.9295461833647265,0.9006664439709517,0.9247299941665753,0.35135715231600806,0.25656509947614153,0.3168077397575327,0.8434203238588232,0.8973586097001519,0.8611882324732011
202,0.7027856356300879,0.25890810467049796,0.19497797410002363,0.24889955826881613,0.8984449341235862,0.9289114590070997,0.9035226803323799,0.9452470402141921,0.36200708319945196,0.2622396768178391,0.32100028635144584,0.8377885326401535,0.8949789760738169,0.8546045852887543
203,0.7058980670742518,0.2633800686247498,0.19378515344996258,0.24873284241276217,0.8933671796295386,0.9279593820232923,0.901618528521201,0.936422099211956,0.358560383783189,0.2596609477124245,0.31820076652609347,0.8411200145967059,0.8957721881336174,0.8552391527806719
204,0.7037377173996698,0.2625114914113777,0.1926656770719418,0.24856055175376596,0.8952713326702645,0.9260552218322791,0.9009838082494527,0.9382020604878042,0.35680177434540156,0.2623118534240941,0.3190884355385014,0.8416752611521339,0.8929166324579093,0.8547632309440543
205,0.7013391646760792,0.26104653456198984,0.19374021807858696,0.2465524077699208,0.8949539801575804,0.9273246588952123,0.9047921232214734,0.9533271178989678,0.3653781357261714,0.2688030992768527,0.3191458807477038,0.8327119831780925,0.8929959526615744,0.8550011890256226
206,0.7054238107158282,0.26213696382417256,0.1943099264094505,0.24897691907295535,0.8997143699569726,0.9231989904836184,0.9025706045781193,0.9468848446770135,0.36368149722739196,0.26329638655013415,0.3199069653909931,0.8344570476341051,0.8918854556974793,0.8547632289819754
207,0.7066278044513883,0.2641853813811432,0.19607835472746146,0.24636407237664287,0.8968581373787653,0.9257378646094849,0.9041574009067859,0.9311518217377501,0.35862909441327295,0.2565403382285828,0.31598238862103584,0.8375505726674248,0.8947410132643479,0.8525422400653604
208,0.7056411582679833,0.26171962293565404,0.19634572991829985,0.24757580516339106,0.9000317284093134,0.9244684313297725,0.9006664452004985,0.9374484637164291,0.3576385968028577,0.2605689589303255,0.319240907021118,0.8389783457419189,0.893154596425714,0.853573412168808
209,0.6899358757485741,0.2569237089334916,0.18981107867490446,0.24320107559407184,0.8974928505002261,0.9285941009709132,0.9047921224080809,0.9200184482354483,0.3545431655390537,0.2549160104432586,0.3105592767446418,0.8413579803847525,0.8983897800542763,0.8580947111512834
210,0.6915485982250237,0.2573571703011026,0.18992799397064972,0.2442634375047699,0.9003490930850526,0.9279593849931207,0.9073310028708423,0.9256174335720292,0.35070878650484566,0.2601624287111135,0.3147462193057871,0.8446101378352502,0.8970413270416102,0.8589672415235886
211,0.6914457361193469,0.2577714343055473,0.19146476500150097,0.24220953185155028,0.8993970106912393,0.9251031460780184,0.9089178037961223,0.917956861892132,0.35184029880102935,0.2552584063442294,0.3108581610019838,0.8469104487048537,0.8971206470325198,0.8618227970574598
212,0.6900232259298801,0.25796643557320775,0.1898867032738649,0.24217008992022312,0.90257060253518,0.9282767425185724,0.9051094736912182,0.9245941884750093,0.3564200914330663,0.25837152183854895,0.3098025763853693,0.8443721750257811,0.8983104582431248,0.8613468706347784
213,0.6893415525957578,0.257163238091266,0.1905905946507525,0.24158773025759664,0.9016185331178143,0.9260552256154999,0.904792124961755,0.9254082309421525,0.3511519488779041,0.2611016761971057,0.31315459970432413,0.8438962494068428,0.8941857713659022,0.8575394600097918
214,0.6977553356832567,0.26101462757235594,0.19453259983334378,0.24220811134669487,0.895271333483657,0.9273246576656655,0.904792124961755,0.9349967012267719,0.3570001381977966,0.2639167275168359,0.31407983999537126,0.8423891449944775,0.8925200289337964,0.8580947093310416
215,0.6911185876182888,0.2578483961359428,0.19199159189051426,0.24127859723677675,0.9035226887122142,0.9263725869241725,0.9038400416410526,0.9065714649122675,0.34660729778893756,0.25206870348634886,0.3078954608167883,0.8434203236460677,0.8956928691592064,0.8603950201297266
216,0.6883210324363381,0.2558289771418994,0.19118428388235115,0.2413077728402535,0.90320532566326,0.9289114602366465,0.9047921215946884,0.923147144462868,0.35853845860678774,0.25552968138568394,0.3090790030768476,0.8403268033406486,0.8975172469161491,0.8577774263888259
217,0.6908374782101914,0.25685703582761404,0.19316396176796116,0.24081648652116974,0.9051094824872067,0.9235163439231916,0.9073310032869967,0.9212381495939255,0.35416439687637424,0.25367090963592537,0.31340284426360104,0.8425477897041973,0.8987070600888329,0.8588879225491778
218,0.6881043291666968,0.2558610515390567,0.1916714552488451,0.24057182261051735,0.9035226836994465,0.9257378633799382,0.9051094862704275,0.9182093999024055,0.35267045855772733,0.2572428227816035,0.30829611668018814,0.8395335941885071,0.8958515081954455,0.8624573694191151
219,0.6834016945656426,0.2531415377532214,0.19136395243681337,0.2388962046073301,0.9025706184814559,0.9260552238752183,0.9063789225199683,0.8979290238245252,0.34430209591546235,0.2502792284413883,0.30334769381901516,0.8442135303160613,0.8980724981994778,0.8637265091308511
220,0.6888800370659158,0.25448294555675566,0.19274721207863865,0.2416498846229921,0.9013011692554677,0.9254205070840332,0.9063789263031892,0.9065842167886913,0.34465857664882743,0.25437022521034,0.3075554090279217,0.8427064343429986,0.9005314501383175,0.8599190946526254
221,0.682650208019219,0.25401998282197696,0.1897987076656208,0.2388315201373147,0.9006664469407801,0.9273246551119915,0.9051094816738142,0.9084048267113205,0.34678274025841976,0.2548870045936693,0.30673508753271234,0.8436582857227121,0.8980724963792359,0.8627746512029951
222,0.6802663658014065,0.25325300440225323,0.18903523751645948,0.23797812104527816,0.9009838145863477,0.9308156158310464,0.9060615658079091,0.9239444494663491,0.3513750088123153,0.2612246063209085,0.311344845165928,0.8393749491785656,0.89545490431674,0.8627746483662547
223,0.6960314020055772,0.2586110615940254,0.19726183183871918,0.24015850739530517,0.9019358886003267,0.9266899415932924,0.9076483633661224,0.9256132562589596,0.35635053735139816,0.25864846550416937,0.31061424653966224,0.8397715579435564,0.894185767512663,0.8619814390722762
224,0.6853364903145236,0.25327214154600153,0.1930446980756943,0.23901964856949506,0.9038400492074943,0.9279593824394465,0.9051094900536484,0.9128149261347523,0.3492335203505814,0.2542913281998892,0.30929008111365963,0.8443721750257811,0.8998968826463999,0.8603950183094848
225,0.6919292015561752,0.25423913384497787,0.19500056753760858,0.24268950725766977,0.9038400404115058,0.9263725869241725,0.9051094854570351,0.9212392784558763,0.35291318795990584,0.25491652719453695,0.3134095621277322,0.8423891526300372,0.8952169379377058,0.8573015037484653
226,0.6938231902741433,0.2571684108844298,0.19302254487260567,0.24363224256591015,0.9025706146982351,0.9279593794696182,0.9041574084732276,0.9147887263771203,0.3494079064592888,0.25310892021286313,0.31227190354520573,0.8434996437078957,0.9010073708875179,0.8612675524641107
227,0.699580610271334,0.262098263129852,0.19700237033254417,0.24047997823710368,0.8990796468288926,0.9270073000456333,0.9047921224080809,0.936991291221264,0.3596908552745734,0.26810379155429925,0.30919664582317236,0.8402474825459959,0.893075276363886,0.8575394600097918
228,0.6896453846904521,0.25493867010095694,0.19420241553871945,0.2405042924301392,0.9041574148101226,0.9298635426304598,0.9095525273403566,0.917220894914223,0.35252937553251745,0.256588895921974,0.3081026177407446,0.8400888434388385,0.8968826776039897,0.8594431643057864
229,0.6928702860323447,0.25688485211510387,0.19267863760161724,0.2433067946746515,0.9003490922716602,0.9273246588952123,0.9038400454242734,0.9215298909648155,0.35080576894719584,0.25747062373964585,0.3132534935624838,0.8443721731346208,0.8952169445567669,0.8588085987050291
230,0.6807895976374998,0.2513838848947382,0.1901956678420466,0.2392100482204913,0.9063789372366975,0.9301808960700331,0.9060615716340692,0.9049709566316342,0.3450247775348104,0.252771583143239,0.30717459594531094,0.8427064333265,0.8990243513285144,0.8603157002097356
231,0.682420395510948,0.2524193904913255,0.19114346469311214,0.23885754789295216,0.9032053226934316,0.9285940959581456,0.906696286382315,0.9196361878525873,0.3520841761292365,0.25864582739937664,0.30890618651772017,0.8455619947466075,0.898945028429946,0.8602363745453451
232,0.6881480290941948,0.25447840607003613,0.19467132433336223,0.23899830365154487,0.9060615704045225,0.9301808960700331,0.9006664452004985,0.9283895576521228,0.35872770410568583,0.2606087953278942,0.30905305942120254,0.8427857524427479,0.895851508266364,0.8584119959137408
233,0.6858411456660141,0.253721124560861,0.19179656282563848,0.24032345048135062,0.9025706071317934,0.9311329750967797,0.90447476395574,0.9177886519489181,0.3514477154558407,0.2595656209785535,0.3067753114958083,0.8411993356750327,0.8960101547963256,0.8622987246384768
234,0.6830131675999568,0.2519751310783581,0.19079314807376116,0.2402448997975001,0.9035226916820426,0.9285941017843057,0.9070136448346559,0.9081962941857289,0.3431952175849528,0.2537983611954179,0.3112027135017872,0.8495280396799324,0.8988657057441329,0.8586499595978716
235,0.680902718476211,0.2502035046713347,0.1910379617573987,0.23966124139298184,0.9047921307879151,0.9295461787681132,0.904474767738961,0.9156658912977768,0.34886902208449094,0.2560427957937267,0.31075407791933873,0.8401681607348446,0.8960101519595851,0.8599984145726164
236,0.6807184889936251,0.2536253129318002,0.1877839979634365,0.2393091773843054,0.9066962939487567,0.9301808981129723,0.9022532566620486,0.9024027154893286,0.34394091875025307,0.24820080132505049,0.31026099945756214,0.8497660014729028,0.9000555187749798,0.859919092761465
237,0.6811756385920048,0.2530033226449767,0.190847302951044,0.23732500259212674,0.9063789308998026,0.9285941017843057,0.9057442085851151,0.9069085441422782,0.34935767020540553,0.2517005399518419,0.30585033326757183,0.8457999547193362,0.8995796015953444,0.8611882278162188
238,0.6719511050112623,0.24865394208363903,0.1887646230515205,0.23453252638419142,0.9086004533263775,0.9295461795815056,0.9057442048018942,0.9099351386391522,0.34741515182877664,0.25510897293262536,0.3074110155573369,0.8451653806083576,0.8952169425237696,0.8578567475380712
239,0.6762138020421012,0.2500301537552322,0.19074741557301964,0.23543623838868077,0.9044747808289051,0.9282767408917874,0.9092351521283474,0.9072517856803054,0.346502561672093,0.25286780297637995,0.3078814288328686,0.8453240233559985,0.8978345362646702,0.8591258823800694
240,0.6749230273675632,0.2501653872598205,0.18890452991209875,0.2358531108908107,0.9057442123683359,0.9324024171724806,0.9073310066540632,0.9086919854603932,0.3471077663992837,0.2515283581618513,0.31005585710866373,0.8477829790771589,0.897755211687697,0.8642024271142297
241,0.6787625762327479,0.2519828238371099,0.18967785884637145,0.23710189520915476,0.9089178117787183,0.9320850520805872,0.9073310041003891,0.8994045041408737,0.34325737851347055,0.2475695435681407,0.30857757743301156,0.8495280385925152,0.8993416322377328,0.857936072185963
242,0.6775085389216867,0.25150192789768877,0.1895045265058834,0.23650208855197377,0.9057442123683359,0.9292288224722083,0.9095525235571358,0.89810248865922,0.34542155289684007,0.2480256585406493,0.30465528172978407,0.848179584634269,0.8995795978839424,0.8657888486098456
243,0.6767711069651234,0.2512574377456418,0.1877221524412766,0.23779152056142588,0.9057442103253966,0.9292288240989932,0.906696286382315,0.8970828120776736,0.344472003032027,0.24675384236666179,0.3058569661979209,0.8477036553039288,0.9015626260240857,0.8625366894100247
244,0.6769858761387604,0.2502227538504399,0.18887023810771336,0.23789288418060708,0.9060615741877434,0.9285941017843057,0.9098698794558024,0.9062001478939626,0.3474612251530464,0.24863357754827414,0.31010534283076024,0.8448481024649611,0.9017212632400828,0.8592052033165591
245,0.6710432335067574,0.2483673900110462,0.18758818549755754,0.23508765467837742,0.9086004449465432,0.9314503343625131,0.9086004449465432,0.9053877865548572,0.34595072613158084,0.25291955952811906,0.30651750418814017,0.8484175475146567,0.8960101500684249,0.8632505758763532
246,0.6710296555270622,0.2496496791292546,0.18478681649794015,0.23659315943642292,0.903522688314976,0.9320850558638081,0.9054268363429342,0.90754909550651,0.3494320923949041,0.25327477546884075,0.30484222622439494,0.8444514979243496,0.8963274338143836,0.8625366856277041
247,0.6700424772714744,0.2482169458021326,0.18727704325542494,0.2345484884456391,0.9038400483941018,0.933989211458208,0.9086004411633224,0.9076750816838959,0.34595400598743786,0.25307405404519,0.30864702189593685,0.845086063525107,0.8972792907966595,0.8653922440692342
248,0.6701946256653312,0.2497149568508633,0.1852163620144176,0.23526331459821426,0.9079657385781318,0.9320850566772005,0.9086004495431567,0.9005723103208338,0.34600578228052653,0.24977692091877268,0.30478961234704693,0.8461172365032161,0.9009280538751858,0.8634885387567408
249,0.67142009805097,0.2494425489453428,0.18561842018973068,0.2363591324673952,0.9073310041003891,0.931450331808839,0.9079657226318558,0.91369121610064,0.35042504723126705,0.2558794188548621,0.30738674957481604,0.8456413119007766,0.8986277475916461,0.8628539693027444
